Container,Tabulator,Batch Name,Number of Ballots
Mail,1,1,60
Mail,1,2,21
Mail,1,3,123
Mail,1,4,59
Mail,1,5,87
Mail,1,6,69
Mail,1,7,87
Mail,1,8,75
Mail,1,9,88
Mail,1,10,144
Mail,1,11,136
Mail,1,12,184
Mail,1,13,194
Mail,1,14,193
Mail,1,15,161
Mail,1,16,191
Mail,1,17,171
Mail,1,18,122
Mail,1,19,244
Mail,1,20,129
Mail,1,21,94
Mail,1,22,86
Mail,1,23,68
Mail,1,24,123
Mail,1,25,71
Mail,1,26,70
Mail,1,27,188
Mail,1,28,152
Mail,1,29,152
Mail,1,30,204
Mail,1,31,156
Mail,1,32,153
Mail,1,33,193
Mail,1,34,249
Mail,1,35,162
Mail,1,36,119
Mail,1,37,131
Mail,1,38,334
Mail,1,39,223
Mail,1,40,274
Mail,1,41,197
Mail,1,42,264
Mail,1,43,237
Mail,1,44,226
Mail,1,45,51
Mail,1,46,212
Mail,1,47,255
Mail,1,48,142
Mail,1,49,83
Mail,1,50,142
Mail,1,51,55
Mail,1,52,69
Mail,1,53,69
Mail,1,54,130
Mail,1,55,187
Mail,1,56,239
Mail,1,57,207
Mail,1,58,257
Mail,1,59,208
Mail,1,60,210
Mail,1,61,357
Mail,1,62,164
Mail,1,63,295
Mail,1,64,89
Mail,1,65,55
Mail,1,66,238
Mail,1,67,110
Mail,1,68,110
Mail,1,69,300
Mail,1,70,98
Mail,1,71,190
Mail,1,72,177
Mail,1,73,84
Mail,1,74,89
Mail,1,75,106
Mail,1,76,149
Mail,1,77,250
Mail,1,78,259
Mail,1,79,83
Mail,1,80,184
Mail,1,81,253
Mail,1,82,175
Mail,1,83,108
Mail,1,84,249
Mail,1,85,179
Mail,1,86,182
Mail,1,87,311
Mail,1,88,247
Mail,1,89,194
Mail,1,90,114
Mail,1,91,146
Mail,1,92,167
Mail,1,93,69
Mail,1,94,138
Mail,1,95,198
Mail,1,96,168
Mail,1,97,151
Mail,1,98,220
Mail,1,99,164
Mail,1,100,48
Mail,1,101,124
Mail,1,102,110
Mail,1,103,103
Mail,1,104,196
Mail,1,105,135
Mail,1,106,240
Mail,1,107,158
Mail,1,108,200
Mail,1,109,229
Mail,1,110,108
Mail,1,111,283
Mail,1,112,285
Mail,1,113,117
Mail,1,114,97
Mail,1,115,210
Mail,1,116,127
Mail,1,117,203
Mail,1,118,188
Mail,1,119,120
Mail,1,120,122
Mail,1,121,247
Mail,1,122,130
Mail,1,123,201
Mail,1,124,95
Mail,1,125,109
Mail,1,126,149
Mail,1,127,282
Mail,1,128,161
Mail,1,129,152
Mail,1,130,293
Mail,1,131,105
Mail,1,132,190
Mail,1,133,133
Mail,1,134,172
Mail,1,135,255
Mail,1,136,176
Mail,1,137,119
Mail,1,138,147
Mail,1,139,100
Mail,1,140,196
Mail,1,141,245
Mail,1,142,168
Mail,1,143,113
Mail,1,144,75
Mail,1,145,136
Mail,1,146,138
Mail,1,147,124
Mail,1,148,382
Mail,1,149,308
Mail,1,150,193
Mail,1,151,156
Mail,1,152,138
Mail,1,153,160
Mail,1,154,231
Mail,1,155,179
Mail,1,156,126
Mail,1,157,204
Mail,1,158,115
Mail,1,159,131
Mail,1,160,302
Mail,1,161,139
Mail,1,162,149
Mail,1,163,221
Mail,1,164,299
Mail,1,165,189
Mail,1,166,289
Mail,1,167,99
Mail,1,168,300
Mail,1,169,122
Mail,1,170,174
Mail,1,171,233
Mail,1,172,142
Mail,1,173,306
Mail,1,174,127
Mail,1,175,126
Mail,1,176,141
Mail,1,177,134
Mail,1,178,200
Mail,1,179,166
Mail,1,180,100
Mail,1,181,182
Mail,1,182,292
Mail,1,183,130
Mail,1,184,190
Mail,1,185,212
Mail,1,186,148
Mail,1,187,290
Mail,1,188,196
Mail,1,189,199
Mail,1,190,134
Mail,1,191,305
Mail,1,192,63
Mail,1,193,139
Mail,1,194,153
Mail,1,195,209
Mail,1,196,203
Mail,1,197,223
Mail,1,198,128
Mail,1,199,207
Mail,1,200,204
Mail,1,201,311
Mail,1,202,125
Mail,1,203,158
Mail,1,204,248
Mail,1,205,178
Mail,1,206,205
Mail,1,207,177
Mail,1,208,334
Mail,1,209,208
Mail,1,210,114
Mail,1,211,347
Mail,1,212,85
Mail,1,213,157
Mail,1,214,79
Mail,1,215,185
Mail,1,216,198
Mail,1,217,176
Mail,1,218,234
Mail,1,219,264
Mail,1,220,211
Mail,1,221,225
Mail,1,222,299
Mail,1,223,222
Mail,1,224,331
Mail,1,225,218
Mail,1,226,180
Mail,1,227,292
Mail,1,228,219
Mail,1,229,107
Mail,1,230,241
Mail,1,231,219
Mail,1,232,167
Mail,1,233,334
Mail,1,234,220
Mail,1,235,221
Mail,1,236,344
Mail,1,237,123
Mail,1,238,313
Mail,1,239,170
Mail,1,240,161
Mail,1,241,198
Mail,1,242,246
Mail,1,243,192
Mail,1,244,194
Mail,1,245,236
Mail,1,246,342
Mail,1,247,212
Mail,1,248,222
Mail,1,249,197
Mail,1,250,324
Mail,1,251,119
Mail,1,252,236
Mail,1,253,309
Mail,1,254,123
Mail,1,255,329
Mail,1,256,311
Mail,1,257,332
Mail,1,258,124
Mail,1,259,338
Mail,1,260,119
Mail,1,261,98
Mail,1,262,174
Mail,1,263,141
Mail,1,264,136
Mail,1,265,218
Mail,1,266,303
Mail,1,267,275
Mail,1,268,358
Mail,1,269,195
Mail,1,270,248
Mail,1,271,138
Mail,1,272,158
Mail,1,273,315
Mail,1,274,85
Mail,1,275,175
Mail,1,276,205
Mail,1,277,191
Mail,1,278,361
Mail,1,279,231
Mail,1,280,254
Mail,1,281,364
Mail,1,282,242
Mail,1,283,135
Mail,1,284,106
Mail,1,285,112
Mail,1,286,204
Mail,1,287,328
Mail,1,288,127
Mail,1,289,230
Mail,1,290,221
Mail,1,291,221
Mail,1,292,340
Mail,1,293,212
Mail,1,294,161
Mail,1,295,141
Mail,1,296,301
Mail,1,297,155
Mail,1,298,260
Mail,1,299,383
Mail,1,300,213
Mail,1,301,357
Mail,1,302,170
Mail,1,303,336
Mail,1,304,201
Mail,1,305,370
Mail,1,306,65
Mail,1,307,82
Mail,1,308,69
Mail,1,309,113
Mail,1,310,206
Mail,1,311,285
Mail,1,312,321
Mail,1,313,238
Mail,1,314,112
Mail,1,315,263
Mail,1,316,168
Mail,1,317,155
Mail,1,318,365
Mail,1,319,136
Mail,1,320,229
Mail,1,321,385
Mail,1,322,114
Mail,1,323,225
Mail,1,324,276
Mail,1,325,113
Mail,1,326,290
Mail,1,327,172
Mail,1,328,166
Mail,1,329,169
Mail,1,330,219
Mail,1,331,400
Mail,1,332,188
Mail,1,333,229
Mail,1,334,259
Mail,1,335,155
Mail,1,336,173
Mail,1,337,283
Mail,1,338,195
Mail,1,339,169
Mail,1,340,179
Mail,1,341,177
Mail,1,342,117
Mail,1,343,265
Mail,1,344,242
Mail,1,345,78
Mail,1,346,209
Mail,1,347,239
Mail,1,348,117
Mail,1,349,178
Mail,1,350,184
Mail,1,351,304
Mail,1,352,221
Mail,1,353,383
Mail,1,354,209
Mail,1,355,350
Mail,1,356,177
Mail,1,357,242
Mail,1,358,267
Mail,1,359,186
Mail,1,360,257
Mail,1,361,416
Mail,1,362,254
Mail,1,363,235
Mail,1,364,253
Mail,1,365,137
Mail,1,366,213
Mail,1,367,235
Mail,1,368,331
Mail,1,369,202
Mail,1,370,337
Mail,1,371,288
Mail,1,372,305
Mail,1,373,161
Mail,1,374,176
Mail,1,375,258
Mail,1,376,293
Mail,1,377,175
Mail,1,378,233
Mail,1,379,134
Mail,1,380,348
Mail,1,381,229
Mail,1,382,348
Mail,1,383,307
Mail,1,384,298
Mail,1,385,260
Mail,1,386,382
Mail,1,387,240
Mail,1,388,332
Mail,1,389,278
Mail,1,390,285
Mail,1,391,297
Mail,1,392,256
Mail,1,393,284
Mail,1,394,267
Mail,1,395,283
Mail,1,396,153
Mail,1,397,242
Mail,1,398,217
Mail,1,399,229
Mail,1,400,109
Mail,1,401,248
Mail,1,402,221
Mail,1,403,306
Mail,1,404,199
Mail,1,405,309
Mail,1,406,261
Mail,1,407,263
Mail,1,408,132
Mail,1,409,278
Mail,1,410,306
Mail,1,411,305
Mail,1,412,270
Mail,1,413,342
Mail,1,414,313
Mail,1,415,245
Mail,1,416,183
Mail,1,417,352
Mail,1,418,241
Mail,1,419,197
Mail,1,420,339
Mail,1,421,203
Mail,1,422,231
Mail,1,423,271
Mail,1,424,356
Mail,1,425,279
Mail,1,426,282
Mail,1,427,333
Mail,1,428,330
Mail,1,429,268
Mail,1,430,279
Mail,1,431,257
Mail,1,432,338
Mail,1,433,329
Mail,1,434,205
Mail,1,435,291
Mail,1,436,264
Mail,1,437,336
Mail,1,438,289
Mail,1,439,347
Mail,1,440,248
Mail,1,441,282
Mail,1,442,234
Mail,1,443,258
Mail,1,444,239
Mail,1,445,294
Mail,1,446,191
Mail,1,447,287
Mail,1,448,403
Mail,1,449,303
Mail,1,450,204
Mail,1,451,360
Mail,1,452,315
Mail,1,453,295
Mail,1,454,223
Mail,1,455,179
Mail,1,456,332
Mail,1,457,267
Mail,1,458,253
Mail,1,459,285
Mail,1,460,171
Mail,1,461,352
Mail,1,462,306
Mail,1,463,294
Mail,1,464,290
Mail,1,465,157
Mail,1,466,235
Mail,1,467,351
Mail,1,468,221
Mail,1,469,282
Mail,1,470,313
Mail,1,471,308
Mail,1,472,218
Mail,1,473,236
Mail,1,474,320
Mail,1,475,283
Mail,1,476,272
Mail,1,477,248
Mail,1,478,306
Mail,1,479,191
Mail,1,480,290
Mail,1,481,213
Mail,1,482,366
Mail,1,483,266
Mail,1,484,151
Mail,1,485,275
Mail,1,486,265
Mail,1,487,82
Mail,1,488,359
Mail,1,489,186
Mail,1,490,319
Mail,1,491,328
Mail,1,492,225
Mail,1,493,215
Mail,1,494,335
Mail,1,495,341
Mail,1,496,229
Mail,1,497,199
Mail,1,498,351
Mail,1,499,290
Mail,1,500,198
Mail,1,501,247
Mail,1,502,160
Mail,1,503,163
Mail,1,504,331
Mail,1,505,88
Mail,1,506,314
Mail,1,507,225
Mail,1,508,317
Mail,1,509,343
Mail,1,510,171
Mail,1,511,219
Mail,1,512,344
Mail,1,513,231
Mail,1,514,146
Mail,1,515,259
Mail,1,516,351
Mail,1,517,266
Mail,1,518,260
Mail,1,519,326
Mail,1,520,330
Mail,1,521,286
Mail,1,522,290
Mail,1,523,250
Mail,1,524,256
Mail,1,525,332
Mail,1,526,369
Mail,1,527,208
Mail,1,528,284
Mail,1,529,352
Mail,1,530,367
Mail,1,531,232
Mail,1,532,32
Mail,1,533,111
Mail,1,534,339
Mail,1,535,175
Mail,1,536,347
Mail,1,537,256
Mail,1,538,313
Mail,1,539,192
Mail,1,540,267
Mail,1,541,194
Mail,1,542,243
Mail,1,543,341
Mail,1,544,198
Mail,1,545,226
Mail,1,546,327
Mail,1,547,233
Mail,1,548,267
Mail,1,549,350
Mail,1,550,183
Mail,1,551,333
Mail,1,552,169
Mail,1,553,349
Mail,1,554,277
Mail,1,555,251
Mail,1,556,353
Mail,1,557,169
Mail,1,558,250
Mail,1,559,339
Mail,1,560,313
Mail,1,561,208
Mail,1,562,337
Mail,1,563,225
Mail,1,564,76
Mail,1,565,112
Mail,1,566,162
Mail,1,567,347
Mail,1,568,214
Mail,1,569,256
Mail,1,570,316
Mail,1,571,251
Mail,1,572,327
Mail,1,573,312
Mail,1,574,238
Mail,1,575,346
Mail,1,576,274
Mail,1,577,310
Mail,1,578,301
Mail,1,579,348
Mail,1,580,212
Mail,1,581,303
Mail,1,582,199
Mail,1,583,327
Mail,1,584,249
Mail,1,585,216
Mail,1,586,268
Mail,1,587,346
Mail,1,588,247
Mail,1,589,249
Mail,1,590,335
Mail,1,591,240
Mail,1,592,320
Mail,1,593,340
Mail,1,594,371
Mail,1,595,353
Mail,1,596,348
Mail,1,597,268
Mail,1,598,85
Mail,1,599,351
Mail,1,600,102
Mail,1,601,343
Mail,1,602,254
Mail,1,603,340
Mail,1,604,226
Mail,1,605,341
Mail,1,606,353
Mail,1,607,378
Mail,1,608,277
Mail,1,609,345
Mail,1,610,212
Mail,1,611,317
Mail,1,612,205
Mail,1,613,352
Mail,1,614,272
Mail,1,615,253
Mail,1,616,355
Mail,1,617,267
Mail,1,618,212
Mail,1,619,358
Mail,1,620,359
Mail,1,621,268
Mail,1,622,355
Mail,1,623,286
Mail,1,624,293
Mail,1,625,308
Mail,1,626,297
Mail,1,627,364
Mail,1,628,403
Mail,1,629,290
Mail,1,630,97
Mail,1,631,208
Mail,1,632,342
Mail,1,633,215
Mail,1,634,181
Mail,1,635,365
Mail,1,636,390
Mail,1,637,343
Mail,1,638,361
Mail,1,639,209
Mail,1,640,355
Mail,1,641,262
Mail,1,642,215
Mail,1,643,328
Mail,1,644,257
Mail,1,645,164
Mail,1,646,347
Mail,1,647,122
Mail,1,648,335
Mail,1,649,334
Mail,1,650,169
Mail,1,651,363
Mail,1,652,257
Mail,1,653,239
Mail,1,654,267
Mail,1,655,244
Mail,1,656,336
Mail,1,657,255
Mail,1,658,170
Mail,1,659,85
Mail,1,660,74
Mail,1,661,370
Mail,1,662,360
Mail,1,663,257
Mail,1,664,305
Mail,1,665,371
Mail,1,666,119
Mail,1,667,319
Mail,1,668,306
Mail,1,669,302
Mail,1,670,215
Mail,1,671,355
Mail,1,672,272
Mail,1,673,297
Mail,1,674,334
Mail,1,675,127
Mail,1,676,320
Mail,1,677,59
Mail,1,678,314
Mail,1,679,175
Mail,1,680,127
Mail,1,681,376
Mail,1,682,172
Mail,1,683,180
Mail,1,684,200
Mail,1,685,26
Mail,1,686,257
Mail,1,687,41
Mail,1,688,154
Mail,1,689,70
Mail,1,690,262
Mail,1,691,240
Mail,1,692,197
Mail,1,693,115
Mail,1,694,50
Mail,1,695,243
Mail,1,696,110
Mail,1,697,46
Mail,1,698,336
Mail,1,699,59
Mail,1,700,234
Mail,1,701,342
Mail,1,702,230
Mail,1,703,207
Mail,1,704,321
Mail,1,705,229
Mail,1,706,201
Mail,1,707,243
Mail,1,708,222
Mail,1,709,239
Mail,1,710,293
Mail,1,711,200
Mail,1,712,111
Mail,1,713,228
Mail,1,714,301
Mail,1,715,138
Mail,1,716,279
Mail,1,717,100
Mail,1,718,202
Mail,1,719,111
Mail,1,720,256
Mail,1,721,142
Mail,1,722,153
Mail,1,723,255
Mail,1,724,271
Mail,1,725,183
Mail,1,726,194
Mail,1,727,281
Mail,1,728,197
Mail,1,729,208
Mail,1,730,328
Mail,1,731,222
Mail,1,732,273
Mail,1,733,182
Mail,1,734,180
Mail,1,735,284
Mail,1,736,164
Mail,1,737,164
Mail,1,738,203
Mail,1,739,132
Mail,1,740,160
Mail,1,741,203
Mail,1,742,145
Mail,1,743,118
Mail,1,744,212
Mail,1,745,318
Mail,1,746,129
Mail,1,747,115
Mail,1,748,131
Mail,1,749,209
Mail,1,750,169
Mail,1,751,106
Mail,1,752,166
Mail,1,753,139
Mail,1,754,238
Mail,1,755,81
Mail,1,756,109
Mail,1,757,91
Mail,1,758,197
Mail,1,759,109
Mail,1,760,130
Mail,1,761,160
Mail,1,762,127
Mail,1,763,114
Mail,1,764,107
Mail,1,765,102
Mail,1,766,127
Mail,1,767,214
Mail,1,768,136
Mail,1,769,140
Mail,1,770,280
Mail,1,771,140
Mail,1,772,238
Mail,1,773,94
Mail,1,774,141
Mail,1,775,194
Mail,1,776,153
Mail,1,777,158
Mail,1,778,277
Mail,1,779,308
Mail,1,780,120
Mail,1,781,263
Mail,1,782,293
Mail,1,783,243
Mail,1,784,236
Mail,1,785,261
Mail,1,786,225
Mail,1,787,216
Mail,1,788,217
Mail,1,789,236
Mail,1,790,254
Mail,1,791,174
Mail,1,792,224
Mail,1,793,219
Mail,1,794,165
Mail,1,795,152
Mail,1,796,128
Mail,1,797,311
Mail,1,798,121
Mail,1,799,87
Mail,1,800,114
Mail,1,801,161
Mail,1,802,281
Mail,1,803,349
Mail,1,804,265
Mail,1,805,233
Mail,1,806,329
Mail,1,807,230
Mail,1,808,168
Mail,1,809,118
Mail,1,810,134
Mail,1,811,120
Mail,1,812,280
Mail,1,813,163
Mail,1,814,200
Mail,1,815,246
Mail,1,816,169
Mail,1,817,166
Mail,1,818,69
Mail,1,819,121
Mail,1,820,107
Mail,1,821,102
Mail,1,822,123
Mail,1,823,189
Mail,1,824,114
Mail,1,825,182
Mail,1,826,108
Mail,1,827,264
Mail,1,828,274
Mail,1,829,252
Mail,1,830,120
Mail,1,831,167
Mail,1,832,120
Mail,1,833,181
Mail,1,834,182
Mail,1,835,120
Mail,1,836,130
Mail,1,837,135
Mail,1,838,88
Mail,1,839,146
Mail,1,840,201
Mail,1,841,164
Mail,1,842,205
Mail,1,843,113
Mail,1,844,147
Mail,1,845,127
Mail,1,846,193
Mail,1,847,146
Mail,1,848,109
Mail,1,849,168
Mail,1,850,113
Mail,1,851,71
Mail,1,852,143
Mail,1,853,273
Mail,1,854,242
Mail,1,855,337
Mail,1,856,338
Mail,1,857,199
Mail,1,858,152
Mail,1,859,273
Mail,1,860,231
Mail,1,861,199
Mail,1,862,222
Mail,1,863,240
Mail,1,864,225
Mail,1,865,274
Mail,1,866,232
Mail,1,867,126
Mail,1,868,281
Mail,1,869,231
Mail,1,870,321
Mail,1,871,232
Mail,1,872,165
Mail,1,873,104
Mail,1,874,238
Mail,1,875,155
Mail,1,876,287
Mail,1,877,221
Mail,1,878,257
Mail,1,879,250
Mail,1,880,279
Mail,1,881,364
Mail,1,882,342
Mail,1,883,283
Mail,1,884,184
Mail,1,885,192
Mail,1,886,359
Mail,1,887,135
Mail,1,888,301
Mail,1,889,303
Mail,1,890,226
Mail,1,891,212
Mail,1,892,165
Mail,1,893,77
Mail,1,894,214
Mail,1,895,299
Mail,1,896,310
Mail,1,897,252
Mail,1,898,251
Mail,1,899,175
Mail,1,900,282
Mail,1,901,206
Mail,1,902,265
Mail,1,903,298
Mail,1,904,213
Mail,1,905,307
Mail,1,906,265
Mail,1,907,290
Mail,1,908,330
Mail,1,909,133
Mail,1,910,316
Mail,1,911,356
Mail,1,912,360
Mail,1,913,364
Mail,1,914,291
Mail,1,915,358
Mail,1,916,246
Mail,1,917,355
Mail,1,918,295
Mail,1,919,247
Mail,1,920,224
Mail,1,921,293
Mail,1,922,371
Mail,1,923,239
Mail,1,924,176
Mail,1,925,198
Mail,1,926,292
Mail,1,927,208
Mail,1,928,180
Mail,1,929,299
Mail,1,930,192
Mail,1,931,358
Mail,1,932,237
Mail,1,933,170
Mail,1,934,195
Mail,1,935,250
Mail,1,936,292
Mail,1,937,133
Mail,1,938,196
Mail,1,939,193
Mail,1,940,241
Mail,1,941,284
Mail,1,942,133
Mail,1,943,258
Mail,1,944,241
Mail,1,945,163
Mail,1,946,82
Mail,1,947,240
Mail,1,948,149
Mail,1,949,183
Mail,1,950,104
Mail,1,951,168
Mail,1,952,152
Mail,1,953,97
Mail,1,954,227
Mail,1,955,248
Mail,1,956,286
Mail,1,957,381
Mail,1,958,270
Mail,1,959,279
Mail,1,960,242
Mail,1,961,305
Mail,1,962,300
Mail,1,963,205
Mail,1,964,215
Mail,1,965,329
Mail,1,966,206
Mail,1,967,238
Mail,1,968,292
Mail,1,969,172
Mail,1,970,171
Mail,1,971,169
Mail,1,972,340
Mail,1,973,183
Mail,1,974,90
Mail,1,975,276
Mail,1,976,136
Mail,1,977,169
Mail,1,978,263
Mail,1,979,190
Mail,1,980,179
Mail,1,981,284
Mail,1,982,310
Mail,1,983,127
Mail,1,984,344
Mail,1,985,391
Mail,1,986,345
Mail,1,987,146
Mail,1,988,344
Mail,1,989,217
Mail,1,990,375
Mail,1,991,297
Mail,1,992,374
Mail,1,993,361
Mail,1,994,294
Mail,1,995,235
Mail,1,996,339
Mail,1,997,400
Mail,1,998,235
Mail,1,999,330
Mail,1,1000,275
Mail,1,1001,255
Mail,1,1002,270
Mail,1,1003,339
Mail,1,1004,272
Mail,1,1005,272
Mail,1,1006,291
Mail,1,1007,151
Mail,1,1008,343
Mail,1,1009,314
Mail,1,1010,339
Mail,1,1011,223
Mail,1,1012,308
Mail,1,1013,187
Mail,1,1014,218
Mail,1,1015,195
Mail,1,1016,282
Mail,1,1017,308
Mail,1,1018,156
Mail,1,1019,295
Mail,1,1020,254
Mail,1,1021,319
Mail,1,1022,275
Mail,1,1023,244
Mail,1,1024,332
Mail,1,1025,326
Mail,1,1026,341
Mail,1,1027,121
Mail,1,1028,343
Mail,1,1029,247
Mail,1,1030,226
Mail,1,1031,132
Mail,1,1032,255
Mail,1,1033,335
Mail,1,1034,201
Mail,1,1035,161
Mail,1,1036,205
Mail,1,1037,175
Mail,1,1038,114
Mail,1,1039,281
Mail,1,1040,178
Mail,1,1041,222
Mail,1,1042,388
Mail,1,1043,228
Mail,1,1044,201
Mail,1,1045,149
Mail,1,1046,289
Mail,1,1047,152
Mail,1,1048,124
Mail,1,1049,257
Mail,1,1050,195
Mail,1,1051,145
Mail,1,1052,360
Mail,1,1053,230
Mail,1,1054,166
Mail,1,1055,324
Mail,1,1056,86
Mail,1,1057,91
Mail,1,1058,398
Mail,1,1059,169
Mail,1,1060,382
Mail,1,1061,228
Mail,1,1062,180
Mail,1,1063,233
Mail,1,1064,275
Mail,1,1065,332
Mail,1,1066,282
Mail,1,1067,292
Mail,1,1068,185
Mail,1,1069,305
Mail,1,1070,291
Mail,1,1071,311
Mail,1,1072,229
Mail,1,1073,201
Mail,1,1074,132
Mail,1,1075,255
Mail,1,1076,185
Mail,1,1077,166
Mail,1,1078,205
Mail,1,1079,231
Mail,1,1080,269
Mail,1,1081,222
Mail,1,1082,261
Mail,1,1083,222
Mail,1,1084,202
Mail,1,1085,97
Mail,1,1086,242
Mail,1,1087,259
Mail,1,1088,148
Mail,1,1089,243
Mail,1,1090,165
Mail,1,1091,117
Mail,1,1092,216
Mail,1,1093,362
Mail,1,1094,283
Mail,1,1095,154
Mail,1,1096,230
Mail,1,1097,244
Mail,1,1098,164
Mail,1,1099,316
Mail,1,1100,247
Mail,1,1101,154
Mail,1,1102,107
Mail,1,1103,105
Mail,1,1104,333
Mail,1,1105,313
Mail,1,1106,312
Mail,1,1107,398
Mail,1,1108,372
Mail,1,1109,259
Mail,1,1110,385
Mail,1,1111,337
Mail,1,1112,251
Mail,1,1113,391
Mail,1,1114,252
Mail,1,1115,413
Mail,1,1116,183
Mail,1,1117,215
Mail,1,1118,360
Mail,1,1119,217
Mail,1,1120,304
Mail,1,1121,259
Mail,1,1122,362
Mail,1,1123,190
Mail,1,1124,315
Mail,1,1125,297
Mail,1,1126,252
Mail,1,1127,215
Mail,1,1128,318
Mail,1,1129,186
Mail,1,1130,152
Mail,1,1131,169
Mail,1,1132,120
Mail,1,1133,132
Mail,1,1134,308
Mail,1,1135,228
Mail,1,1136,287
Mail,1,1137,232
Mail,1,1138,156
Mail,1,1139,254
Mail,1,1140,393
Mail,1,1141,323
Mail,1,1142,278
Mail,1,1143,339
Mail,1,1144,277
Mail,1,1145,231
Mail,1,1146,155
Mail,1,1147,159
Mail,1,1148,213
Mail,1,1149,157
Mail,1,1150,190
Mail,1,1151,127
Mail,1,1152,243
Mail,1,1153,239
Mail,1,1154,141
Mail,1,1155,134
Mail,1,1156,123
Mail,1,1157,271
Mail,1,1158,180
Mail,1,1159,111
Mail,1,1160,235
Mail,1,1161,194
Mail,1,1162,334
Mail,1,1163,192
Mail,1,1164,338
Mail,1,1165,397
Mail,1,1166,195
Mail,1,1167,92
Mail,1,1168,104
Mail,1,1169,163
Mail,1,1170,184
Mail,1,1171,221
Mail,1,1172,121
Mail,1,1173,110
Mail,1,1174,75
Mail,1,1175,337
Mail,1,1176,368
Mail,1,1177,278
Mail,1,1178,342
Mail,1,1179,323
Mail,1,1180,343
Mail,1,1181,300
Mail,1,1182,300
Mail,1,1183,229
Mail,1,1184,252
Mail,1,1185,223
Mail,1,1186,322
Mail,1,1187,332
Mail,1,1188,284
Mail,1,1189,352
Mail,1,1190,270
Mail,1,1191,310
Mail,1,1192,317
Mail,1,1193,401
Mail,1,1194,231
Mail,1,1195,107
Mail,1,1196,136
Mail,1,1197,225
Mail,1,1198,210
Mail,1,1199,258
Mail,1,1200,192
Mail,1,1201,388
Mail,1,1202,119
Mail,1,1203,262
Mail,1,1204,247
Mail,1,1205,292
Mail,1,1206,287
Mail,1,1207,292
Mail,1,1208,254
Mail,1,1209,235
Mail,1,1210,342
Mail,3,1,279
Mail,3,2,74
Mail,3,3,185
Mail,3,4,116
Mail,3,5,118
Mail,3,6,124
Mail,3,7,173
Mail,3,8,221
Mail,3,9,193
Mail,3,10,119
Mail,3,11,187
Mail,3,12,208
Mail,3,13,74
Mail,3,14,200
Mail,3,15,318
Mail,3,16,195
Mail,3,17,267
Mail,3,18,84
Mail,3,19,201
Mail,3,20,248
Mail,3,21,160
Mail,3,22,141
Mail,3,23,144
Mail,3,24,153
Mail,3,25,245
Mail,3,26,77
Mail,3,27,353
Mail,3,28,241
Mail,3,29,227
Mail,3,30,156
Mail,3,31,218
Mail,3,32,180
Mail,3,33,37
Mail,3,34,292
Mail,3,35,146
Mail,3,36,204
Mail,3,37,244
Mail,3,38,308
Mail,3,39,236
Mail,3,40,215
Mail,3,41,187
Mail,3,42,294
Mail,3,43,176
Mail,3,44,240
Mail,3,45,238
Mail,3,46,293
Mail,3,47,230
Mail,3,48,170
Mail,3,49,153
Mail,3,50,112
Mail,3,51,193
Mail,3,52,159
Mail,3,53,204
Mail,3,54,330
Mail,3,55,236
Mail,3,56,233
Mail,3,57,199
Mail,3,58,144
Mail,3,59,322
Mail,3,60,158
Mail,3,61,321
Mail,3,62,255
Mail,3,63,330
Mail,3,64,264
Mail,3,65,169
Mail,3,66,361
Mail,3,67,172
Mail,3,68,298
Mail,3,69,228
Mail,3,70,149
Mail,3,71,271
Mail,3,72,265
Mail,3,73,286
Mail,3,74,150
Mail,3,75,314
Mail,3,76,210
Mail,3,77,75
Mail,3,78,130
Mail,3,79,181
Mail,3,80,349
Mail,3,81,147
Mail,3,82,234
Mail,3,83,164
Mail,3,84,295
Mail,3,85,172
Mail,3,86,346
Mail,3,87,341
Mail,3,88,232
Mail,3,89,342
Mail,3,90,235
Mail,3,91,360
Mail,3,92,310
Mail,3,93,267
Mail,3,94,369
Mail,3,95,205
Mail,3,96,208
Mail,3,97,245
Mail,3,98,51
Mail,3,99,186
Mail,3,100,376
Mail,3,101,344
Mail,3,102,245
Mail,3,103,98
Mail,3,104,404
Mail,3,105,250
Mail,3,106,282
Mail,3,107,318
Mail,3,108,248
Mail,3,109,179
Mail,3,110,320
Mail,3,111,123
Mail,3,112,196
Mail,3,113,299
Mail,3,114,267
Mail,3,115,220
Mail,3,116,305
Mail,3,117,240
Mail,3,118,274
Mail,3,119,137
Mail,3,120,264
Mail,3,121,317
Mail,3,122,192
Mail,3,123,334
Mail,3,124,194
Mail,3,125,225
Mail,3,126,280
Mail,3,127,310
Mail,3,128,271
Mail,3,129,236
Mail,3,130,283
Mail,3,131,222
Mail,3,132,393
Mail,3,133,265
Mail,3,134,315
Mail,3,135,238
Mail,3,136,350
Mail,3,137,266
Mail,3,138,211
Mail,3,139,284
Mail,3,140,299
Mail,3,141,214
Mail,3,142,248
Mail,3,143,307
Mail,3,144,249
Mail,3,145,296
Mail,3,146,355
Mail,3,147,289
Mail,3,148,311
Mail,3,149,278
Mail,3,150,281
Mail,3,151,221
Mail,3,152,299
Mail,3,153,269
Mail,3,154,274
Mail,3,155,227
Mail,3,156,322
Mail,3,157,267
Mail,3,158,228
Mail,3,159,382
Mail,3,160,322
Mail,3,161,247
Mail,3,162,242
Mail,3,163,339
Mail,3,164,297
Mail,3,165,259
Mail,3,166,217
Mail,3,167,399
Mail,3,168,309
Mail,3,169,249
Mail,3,170,345
Mail,3,171,252
Mail,3,172,396
Mail,3,173,263
Mail,3,174,179
Mail,3,175,326
Mail,3,176,291
Mail,3,177,230
Mail,3,178,276
Mail,3,179,207
Mail,3,180,342
Mail,3,181,393
Mail,3,182,224
Mail,3,183,268
Mail,3,184,342
Mail,3,185,253
Mail,3,186,306
Mail,3,187,323
Mail,3,188,292
Mail,3,189,237
Mail,3,190,269
Mail,3,191,336
Mail,3,192,270
Mail,3,193,363
Mail,3,194,315
Mail,3,195,340
Mail,3,196,259
Mail,3,197,239
Mail,3,198,255
Mail,3,199,377
Mail,3,200,268
Mail,3,201,264
Mail,3,202,333
Mail,3,203,297
Mail,3,204,273
Mail,3,205,261
Mail,3,206,173
Mail,3,207,397
Mail,3,208,338
Mail,3,209,156
Mail,3,210,271
Mail,3,211,0
Mail,3,212,411
Mail,3,213,302
Mail,3,214,320
Mail,3,215,234
Mail,3,216,278
Mail,3,217,365
Mail,3,218,349
Mail,3,219,255
Mail,3,220,362
Mail,3,221,304
Mail,3,222,294
Mail,3,223,303
Mail,3,224,314
Mail,3,225,396
Mail,3,226,251
Mail,3,227,292
Mail,3,228,317
Mail,3,229,294
Mail,3,230,323
Mail,3,231,311
Mail,3,232,325
Mail,3,233,366
Mail,3,234,255
Mail,3,235,360
Mail,3,236,360
Mail,3,237,412
Mail,3,238,284
Mail,3,239,236
Mail,3,240,385
Mail,3,241,217
Mail,3,242,422
Mail,3,243,300
Mail,3,244,309
Mail,3,245,268
Mail,3,246,210
Mail,3,247,329
Mail,3,248,224
Mail,3,249,405
Mail,3,250,279
Mail,3,251,261
Mail,3,252,265
Mail,3,253,299
Mail,3,254,316
Mail,3,255,277
Mail,3,256,272
Mail,3,257,387
Mail,3,258,320
Mail,3,259,278
Mail,3,260,241
Mail,3,261,296
Mail,3,262,418
Mail,3,263,288
Mail,3,264,264
Mail,3,265,332
Mail,3,266,325
Mail,3,267,255
Mail,3,268,292
Mail,3,269,194
Mail,3,270,268
Mail,3,271,387
Mail,3,272,265
Mail,3,273,174
Mail,3,274,140
Mail,3,275,294
Mail,3,276,412
Mail,3,277,188
Mail,3,278,235
Mail,3,279,240
Mail,3,280,222
Mail,3,281,367
Mail,3,282,255
Mail,3,283,373
Mail,3,284,331
Mail,3,285,308
Mail,3,286,275
Mail,3,287,252
Mail,3,288,423
Mail,3,289,289
Mail,3,290,412
Mail,3,291,259
Mail,3,292,427
Mail,3,293,286
Mail,3,294,284
Mail,3,295,416
Mail,3,296,88
Mail,3,297,325
Mail,3,298,278
Mail,3,299,410
Mail,3,300,293
Mail,3,301,312
Mail,3,302,416
Mail,3,303,365
Mail,3,304,313
Mail,3,305,277
Mail,3,306,303
Mail,3,307,340
Mail,3,308,424
Mail,3,309,202
Mail,3,310,273
Mail,3,311,376
Mail,3,312,233
Mail,3,313,290
Mail,3,314,256
Mail,3,315,377
Mail,3,316,307
Mail,3,317,311
Mail,3,318,411
Mail,3,319,294
Mail,3,320,274
Mail,3,321,309
Mail,3,322,363
Mail,3,323,186
Mail,3,324,361
Mail,3,325,291
Mail,3,326,293
Mail,3,327,412
Mail,3,328,382
Mail,3,329,311
Mail,3,330,421
Mail,3,331,244
Mail,3,332,288
Mail,3,333,420
Mail,3,334,393
Mail,3,335,289
Mail,3,336,337
Mail,3,337,250
Mail,3,338,347
Mail,3,339,266
Mail,3,340,269
Mail,3,341,347
Mail,3,342,308
Mail,3,343,322
Mail,3,344,287
Mail,3,345,411
Mail,3,346,321
Mail,3,347,411
Mail,3,348,370
Mail,3,349,319
Mail,3,350,351
Mail,3,351,341
Mail,3,352,302
Mail,3,353,440
Mail,3,354,271
Mail,3,355,303
Mail,3,356,304
Mail,3,357,264
Mail,3,358,299
Mail,3,359,399
Mail,3,360,393
Mail,3,361,301
Mail,3,362,341
Mail,3,363,436
Mail,3,364,255
Mail,3,365,297
Mail,3,366,272
Mail,3,367,405
Mail,3,368,263
Mail,3,369,345
Mail,3,370,253
Mail,3,371,359
Mail,3,372,367
Mail,3,373,359
Mail,3,374,312
Mail,3,375,226
Mail,3,376,281
Mail,3,377,286
Mail,3,378,302
Mail,3,379,300
Mail,3,380,390
Mail,3,381,302
Mail,3,382,300
Mail,3,383,357
Mail,3,384,407
Mail,3,385,263
Mail,3,386,316
Mail,3,387,383
Mail,3,388,275
Mail,3,389,369
Mail,3,390,431
Mail,3,391,406
Mail,3,392,288
Mail,3,393,353
Mail,3,394,421
Mail,3,395,212
Mail,3,396,326
Mail,3,397,328
Mail,3,398,275
Mail,3,399,287
Mail,3,400,357
Mail,3,401,353
Mail,3,402,258
Mail,3,403,419
Mail,3,404,254
Mail,3,405,258
Mail,3,406,415
Mail,3,407,256
Mail,3,408,277
Mail,3,409,395
Mail,3,410,371
Mail,3,411,283
Mail,3,412,419
Mail,3,413,353
Mail,3,414,271
Mail,3,415,421
Mail,3,416,412
Mail,3,417,346
Mail,3,418,298
Mail,3,419,304
Mail,3,420,331
Mail,3,421,405
Mail,3,422,383
Mail,3,423,287
Mail,3,424,351
Mail,3,425,368
Mail,3,426,0
Mail,3,427,362
Mail,3,428,201
Mail,3,429,270
Mail,3,430,398
Mail,3,431,265
Mail,3,432,367
Mail,3,433,404
Mail,3,434,294
Mail,3,435,337
Mail,3,436,290
Mail,3,437,377
Mail,3,438,264
Mail,3,439,318
Mail,3,440,326
Mail,3,441,263
Mail,3,442,383
Mail,3,443,387
Mail,3,444,309
Mail,3,445,293
Mail,3,446,336
Mail,3,447,407
Mail,3,448,275
Mail,3,449,389
Mail,3,450,228
Mail,3,451,377
Mail,3,452,331
Mail,3,453,382
Mail,3,454,284
Mail,3,455,392
Mail,3,456,410
Mail,3,457,319
Mail,3,458,274
Mail,3,459,258
Mail,3,460,343
Mail,3,461,314
Mail,3,462,207
Mail,3,463,419
Mail,3,464,356
Mail,3,465,265
Mail,3,466,357
Mail,3,467,237
Mail,3,468,256
Mail,3,469,329
Mail,3,470,405
Mail,3,471,254
Mail,3,472,313
Mail,3,473,363
Mail,3,474,302
Mail,3,475,296
Mail,3,476,249
Mail,3,477,413
Mail,3,478,313
Mail,3,479,403
Mail,3,480,284
Mail,3,481,414
Mail,3,482,335
Mail,3,483,279
Mail,3,484,350
Mail,3,485,359
Mail,3,486,268
Mail,3,487,340
Mail,3,488,369
Mail,3,489,307
Mail,3,490,226
Mail,3,491,305
Mail,3,492,351
Mail,3,493,385
Mail,3,494,349
Mail,3,495,398
Mail,3,496,280
Mail,3,497,421
Mail,3,498,412
Mail,3,499,281
Mail,3,500,381
Mail,3,501,412
Mail,3,502,323
Mail,3,503,372
Mail,3,504,352
Mail,3,505,398
Mail,3,506,336
Mail,3,507,319
Mail,3,508,366
Mail,3,509,325
Mail,3,510,331
Mail,3,511,396
Mail,3,512,334
Mail,3,513,383
Mail,3,514,353
Mail,3,515,174
Mail,3,516,408
Mail,3,517,270
Mail,3,518,215
Mail,3,519,244
Mail,3,520,214
Mail,3,521,260
Mail,3,522,229
Mail,3,523,161
Mail,3,524,148
Mail,3,525,215
Mail,3,526,335
Mail,3,527,328
Mail,3,528,382
Mail,3,529,316
Mail,3,530,406
Mail,3,531,330
Mail,3,532,368
Mail,3,533,250
Mail,3,534,429
Mail,3,535,330
Mail,3,536,287
Mail,3,537,352
Mail,3,538,402
Mail,3,539,276
Mail,3,540,421
Mail,3,541,362
Mail,3,542,287
Mail,3,543,368
Mail,3,544,305
Mail,3,545,308
Mail,3,546,348
Mail,3,547,361
Mail,3,548,282
Mail,3,549,358
Mail,3,550,348
Mail,3,551,315
Mail,3,552,398
Mail,3,553,306
Mail,3,554,381
Mail,3,555,273
Mail,3,556,359
Mail,3,557,322
Mail,3,558,370
Mail,3,559,279
Mail,3,560,292
Mail,3,561,333
Mail,3,562,297
Mail,3,563,348
Mail,3,564,385
Mail,3,565,400
Mail,3,566,326
Mail,3,567,377
Mail,3,568,337
Mail,3,569,273
Mail,3,570,352
Mail,3,571,285
Mail,3,572,283
Mail,3,573,414
Mail,3,574,305
Mail,3,575,405
Mail,3,576,247
Mail,3,577,408
Mail,3,578,315
Mail,3,579,252
Mail,3,580,318
Mail,3,581,342
Mail,3,582,383
Mail,3,583,311
Mail,3,584,252
Mail,3,585,350
Mail,3,586,323
Mail,3,587,338
Mail,3,588,339
Mail,3,589,356
Mail,3,590,285
Mail,3,591,275
Mail,3,592,405
Mail,3,593,296
Mail,3,594,320
Mail,3,595,433
Mail,3,596,375
Mail,3,597,319
Mail,3,598,339
Mail,3,599,331
Mail,3,600,425
Mail,3,601,411
Mail,3,602,293
Mail,3,603,299
Mail,3,604,414
Mail,3,605,290
Mail,3,606,319
Mail,3,607,326
Mail,3,608,438
Mail,3,609,352
Mail,3,610,328
Mail,3,611,422
Mail,3,612,391
Mail,3,613,333
Mail,3,614,388
Mail,3,615,401
Mail,3,616,315
Mail,3,617,427
Mail,3,618,347
Mail,3,619,358
Mail,3,620,288
Mail,3,621,380
Mail,3,622,397
Mail,3,623,331
Mail,3,624,369
Mail,3,625,345
Mail,3,626,360
Mail,3,627,384
Mail,3,628,431
Mail,3,629,365
Mail,3,630,293
Mail,3,631,409
Mail,3,632,303
Mail,3,633,419
Mail,3,634,399
Mail,3,635,306
Mail,3,636,321
Mail,3,637,320
Mail,3,638,381
Mail,3,639,399
Mail,3,640,341
Mail,3,641,371
Mail,3,642,390
Mail,3,643,366
Mail,3,644,404
Mail,3,645,321
Mail,3,646,305
Mail,3,647,381
Mail,3,648,337
Mail,3,649,334
Mail,3,650,396
Mail,3,651,335
Mail,3,652,416
Mail,3,653,359
Mail,3,654,368
Mail,3,655,252
Mail,3,656,323
Mail,3,657,441
Mail,3,658,427
Mail,3,659,336
Mail,3,660,337
Mail,3,661,361
Mail,3,662,295
Mail,3,663,358
Mail,3,664,374
Mail,3,665,416
Mail,3,666,298
Mail,3,667,351
Mail,3,668,375
Mail,3,669,410
Mail,3,670,343
Mail,3,671,274
Mail,3,672,414
Mail,3,673,415
Mail,3,674,391
Mail,3,675,192
Mail,3,676,392
Mail,3,677,352
Mail,3,678,0
Mail,3,679,381
Mail,3,680,422
Mail,3,681,356
Mail,3,682,406
Mail,3,683,299
Mail,3,684,410
Mail,3,685,397
Mail,3,686,372
Mail,3,687,413
Mail,3,688,389
Mail,3,689,390
Mail,3,690,267
Mail,3,691,246
Mail,3,692,406
Mail,3,693,412
Mail,3,694,379
Mail,3,695,285
Mail,3,696,392
Mail,3,697,357
Mail,3,698,282
Mail,3,699,309
Mail,3,700,392
Mail,3,701,317
Mail,3,702,352
Mail,3,703,347
Mail,3,704,393
Mail,3,705,362
Mail,3,706,419
Mail,3,707,327
Mail,3,708,360
Mail,3,709,408
Mail,3,710,297
Mail,3,711,375
Mail,3,712,410
Mail,3,713,378
Mail,3,714,299
Mail,3,715,292
Mail,3,716,392
Mail,3,717,326
Mail,3,718,287
Mail,3,719,365
Mail,3,720,285
Mail,3,721,265
Mail,3,722,197
Mail,3,723,246
Mail,3,724,354
Mail,3,725,420
Mail,3,726,277
Mail,3,727,391
Mail,3,728,280
Mail,3,729,397
Mail,3,730,353
Mail,3,731,304
Mail,3,732,222
Mail,3,733,242
Mail,3,734,248
Mail,3,735,351
Mail,3,736,332
Mail,3,737,432
Mail,3,738,387
Mail,3,739,385
Mail,3,740,238
Mail,3,741,349
Mail,3,742,310
Mail,3,743,334
Mail,3,744,349
Mail,3,745,334
Mail,3,746,319
Mail,3,747,353
Mail,3,748,294
Mail,3,749,378
Mail,3,750,413
Mail,3,751,308
Mail,3,752,247
Mail,3,753,370
Mail,3,754,444
Mail,3,755,358
Mail,3,756,196
Mail,3,757,368
Mail,3,758,242
Mail,3,759,319
Mail,3,760,224
Mail,3,761,166
Mail,3,762,333
Mail,3,763,151
Mail,3,764,208
Mail,3,765,201
Mail,3,766,194
Mail,3,767,334
Mail,3,768,368
Mail,3,769,300
Mail,3,770,329
Mail,3,771,284
Mail,3,772,339
Mail,3,773,204
Mail,3,774,163
Mail,3,775,157
Mail,3,776,146
Mail,3,777,113
Mail,3,778,148
Mail,3,779,152
Mail,3,780,98
Mail,3,781,102
Mail,3,782,303
Mail,3,783,238
Mail,3,784,229
Mail,3,785,332
Mail,3,786,181
Mail,3,787,267
Mail,3,788,207
Mail,3,789,149
Mail,3,790,339
Mail,3,791,162
Mail,3,792,278
Mail,3,793,321
Mail,3,794,340
Mail,3,795,308
Mail,3,796,326
Mail,3,797,213
Mail,3,798,202
Mail,3,799,352
Mail,3,800,154
Mail,3,801,245
Mail,3,802,281
Mail,3,803,319
Mail,3,804,328
Mail,3,805,229
Mail,3,806,339
Mail,3,807,213
Mail,3,808,195
Mail,3,809,232
Mail,3,810,194
Mail,3,811,149
Mail,3,812,225
Mail,3,813,193
Mail,3,814,196
Mail,3,815,258
Mail,3,816,308
Mail,3,817,306
Mail,3,818,265
Mail,3,819,145
Mail,3,820,112
Mail,3,821,283
Mail,3,822,110
Mail,3,823,152
Mail,3,824,295
Mail,3,825,356
Mail,3,826,403
Mail,3,827,366
Mail,3,828,378
Mail,3,829,279
Mail,3,830,364
Mail,3,831,304
Mail,3,832,298
Mail,3,833,220
Mail,3,834,365
Mail,3,835,248
Mail,3,836,413
Mail,3,837,338
Mail,3,838,350
Mail,3,839,255
Mail,3,840,392
Mail,3,841,227
Mail,3,842,396
Mail,3,843,258
Mail,3,844,358
Mail,3,845,149
Mail,3,846,78
Mail,3,847,228
Mail,3,848,346
Mail,3,849,288
Mail,3,850,252
Mail,3,851,198
Mail,3,852,273
Mail,3,853,295
Mail,3,854,289
Mail,3,855,229
Mail,3,856,309
Mail,3,857,117
Mail,3,858,299
Mail,3,859,283
Mail,3,860,194
Mail,3,861,282
Mail,3,862,263
Mail,3,863,291
Mail,3,864,305
Mail,3,865,268
Mail,3,866,376
Mail,3,867,260
Mail,3,868,334
Mail,3,869,297
Mail,3,870,369
Mail,3,871,374
Mail,3,872,261
Mail,3,873,277
Mail,3,874,278
Mail,3,875,273
Mail,3,876,387
Mail,3,877,293
Mail,3,878,297
Mail,3,879,309
Mail,3,880,418
Mail,3,881,331
Mail,3,882,266
Mail,3,883,332
Mail,3,884,363
Mail,3,885,265
Mail,3,886,379
Mail,3,887,365
Mail,3,888,299
Mail,3,889,398
Mail,3,890,337
Mail,3,891,138
Mail,3,892,330
Mail,3,893,307
Mail,3,894,371
Mail,3,895,326
Mail,3,896,202
Mail,3,897,322
Mail,3,898,299
Mail,3,899,314
Mail,3,900,240
Mail,3,901,255
Mail,3,902,250
Mail,3,903,298
Mail,3,904,268
Mail,3,905,283
Mail,3,906,238
Mail,3,907,377
Mail,3,908,317
Mail,3,909,199
Mail,3,910,301
Mail,3,911,337
Mail,3,912,309
Mail,3,913,312
Mail,3,914,408
Mail,3,915,369
Mail,3,916,306
Mail,3,917,354
Mail,3,918,424
Mail,3,919,339
Mail,3,920,250
Mail,3,921,355
Mail,3,922,338
Mail,3,923,292
Mail,3,924,376
Mail,3,925,358
Mail,3,926,415
Mail,3,927,350
Mail,3,928,324
Mail,3,929,359
Mail,3,930,329
Mail,3,931,275
Mail,3,932,328
Mail,3,933,366
Mail,3,934,304
Mail,3,935,358
Mail,3,936,321
Mail,3,937,310
Mail,3,938,331
Mail,3,939,329
Mail,3,940,305
Mail,3,941,396
Mail,3,942,366
Mail,3,943,316
Mail,3,944,327
Mail,3,945,260
Mail,3,946,309
Mail,3,947,369
Mail,3,948,328
Mail,3,949,337
Mail,3,950,360
Mail,3,951,321
Mail,3,952,265
Mail,3,953,281
Mail,3,954,382
Mail,3,955,253
Mail,3,956,364
Mail,3,957,329
Mail,3,958,334
Mail,3,959,242
Mail,3,960,266
Mail,3,961,389
Mail,3,962,338
Mail,3,963,311
Mail,3,964,208
Mail,3,965,249
Mail,3,966,217
Mail,3,967,276
Mail,3,968,247
Mail,3,969,280
Mail,3,970,181
Mail,3,971,192
Mail,3,972,173
Mail,3,973,167
Mail,3,974,189
Mail,3,975,148
Mail,3,976,248
Mail,3,977,346
Mail,3,978,341
Mail,3,979,250
Mail,3,980,265
Mail,3,981,188
Mail,3,982,258
Mail,3,983,140
Mail,3,984,232
Mail,3,985,168
Mail,3,986,228
Mail,3,987,325
Mail,3,988,368
Mail,3,989,322
Mail,3,990,370
Mail,3,991,245
Mail,3,992,161
Mail,3,993,174
Mail,3,994,280
Mail,3,995,127
Mail,3,996,383
Mail,3,997,279
Mail,3,998,398
Mail,3,999,368
Mail,3,1000,284
Mail,3,1001,381
Mail,3,1002,292
Mail,3,1003,272
Mail,3,1004,250
Mail,3,1005,365
Mail,3,1006,256
Mail,3,1007,319
Mail,3,1008,379
Mail,3,1009,413
Mail,3,1010,269
Mail,3,1011,249
Mail,3,1012,293
Mail,3,1013,356
Mail,3,1014,382
Mail,3,1015,379
Mail,3,1016,236
Mail,3,1017,181
Mail,3,1018,156
Mail,3,1019,336
Mail,3,1020,384
Mail,3,1021,349
Mail,3,1022,217
Mail,3,1023,304
Mail,3,1024,235
Mail,3,1025,221
Mail,3,1026,196
Mail,3,1027,125
Mail,3,1028,370
Mail,3,1029,315
Mail,3,1030,356
Mail,3,1031,263
Mail,3,1032,308
Mail,3,1033,417
Mail,3,1034,203
Mail,3,1035,131
Mail,3,1036,263
Mail,3,1037,307
Mail,3,1038,216
Mail,3,1039,342
Mail,3,1040,229
Mail,3,1041,410
Mail,3,1042,387
Mail,3,1043,229
Mail,3,1044,336
Mail,3,1045,390
Mail,3,1046,277
Mail,3,1047,217
Mail,3,1048,219
Mail,3,1049,195
Mail,3,1050,189
Mail,3,1051,237
Mail,3,1052,310
Mail,3,1053,317
Mail,3,1054,223
Mail,3,1055,163
Mail,3,1056,254
Mail,3,1057,205
Mail,3,1058,267
Mail,3,1059,302
Mail,3,1060,306
Mail,3,1061,218
Mail,3,1062,282
Mail,3,1063,308
Mail,3,1064,292
Mail,3,1065,272
Mail,3,1066,273
Mail,3,1067,381
Mail,3,1068,350
Mail,3,1069,351
Mail,3,1070,259
Mail,3,1071,284
Mail,3,1072,359
Mail,3,1073,179
Mail,3,1074,404
Mail,3,1075,393
Mail,3,1076,327
Mail,3,1077,263
Mail,3,1078,268
Mail,3,1079,331
Mail,3,1080,221
Mail,3,1081,146
Mail,3,1082,219
Mail,3,1083,143
Mail,3,1084,226
Mail,3,1085,255
Mail,3,1086,274
Mail,3,1087,201
Mail,3,1088,214
Mail,3,1089,309
Mail,3,1090,334
Mail,3,1091,288
Mail,3,1092,270
Mail,3,1093,200
Mail,3,1094,305
Mail,3,1095,287
Mail,3,1096,358
Mail,3,1097,261
Mail,3,1098,385
Mail,3,1099,391
Mail,3,1100,383
Mail,3,1101,342
Mail,3,1102,320
Mail,3,1103,381
Mail,3,1104,363
Mail,3,1105,410
Mail,3,1106,300
Mail,3,1107,424
Mail,3,1108,352
Mail,3,1109,363
Mail,3,1110,359
Mail,3,1111,313
Mail,3,1112,381
Mail,3,1113,393
Mail,3,1114,414
Mail,3,1115,273
Mail,3,1116,275
Mail,3,1117,267
Mail,3,1118,288
Mail,3,1119,405
Mail,3,1120,253
Mail,3,1121,217
Mail,3,1122,269
Mail,3,1123,322
Mail,3,1124,336
Mail,3,1125,360
Mail,3,1126,428
Mail,3,1127,261
Mail,3,1128,349
Mail,3,1129,336
Mail,3,1130,394
Mail,3,1131,257
Mail,3,1132,354
Mail,3,1133,236
Mail,3,1134,241
Mail,3,1135,396
Mail,3,1136,208
Mail,3,1137,295
Mail,3,1138,401
Mail,3,1139,167
Mail,3,1140,423
Mail,3,1141,316
Mail,3,1142,234
Mail,3,1143,277
Mail,3,1144,355
Mail,3,1145,351
Mail,3,1146,303
Mail,3,1147,333
Mail,3,1148,284
Mail,3,1149,333
Mail,3,1150,371
Mail,3,1151,351
Mail,3,1152,383
Mail,3,1153,401
Mail,3,1154,394
Mail,3,1155,409
Mail,3,1156,368
Mail,3,1157,264
Mail,3,1158,406
Mail,3,1159,399
Mail,3,1160,230
Mail,3,1161,362
Mail,3,1162,328
Mail,3,1163,267
Mail,3,1164,355
Mail,3,1165,358
Mail,3,1166,260
Mail,3,1167,180
Mail,3,1168,399
Mail,3,1169,338
Mail,3,1170,365
Mail,3,1171,245
Mail,3,1172,360
Mail,3,1173,303
Mail,3,1174,373
Mail,3,1175,390
Mail,3,1176,248
Mail,3,1177,145
Mail,3,1178,346
Mail,3,1179,396
Mail,3,1180,383
Mail,3,1181,288
Mail,3,1182,293
Mail,3,1183,335
Mail,3,1184,293
Mail,3,1185,306
Mail,3,1186,241
Mail,3,1187,200
Mail,3,1188,181
Mail,3,1189,104
Mail,3,1190,288
Mail,3,1191,205
Mail,3,1192,157
Mail,3,1193,324
Mail,3,1194,361
Mail,3,1195,331
Mail,3,1196,245
Mail,3,1197,113
Mail,3,1198,418
Mail,3,1199,294
Mail,3,1200,147
Mail,3,1201,283
Mail,3,1202,154
Mail,3,1203,346
Mail,3,1204,291
Mail,3,1205,217
Mail,3,1206,120
Mail,3,1207,201
Mail,3,1208,302
Mail,3,1209,162
Mail,3,1210,253
Mail,3,1211,361
Mail,3,1212,282
Mail,3,1213,265
Mail,3,1214,290
Mail,3,1215,124
Mail,3,1216,297
Mail,3,1217,180
Mail,3,1218,259
Mail,3,1219,219
Mail,3,1220,86
Mail,3,1221,268
Mail,3,1222,284
Mail,3,1223,292
Mail,3,1224,219
Mail,3,1225,236
Mail,3,1226,386
Mail,3,1227,100
Mail,3,1228,421
Mail,3,1229,362
Mail,3,1230,350
Mail,3,1231,403
Mail,3,1232,330
Mail,3,1233,339
Mail,3,1234,218
Mail,3,1235,407
Mail,3,1236,334
Mail,3,1237,245
Mail,3,1238,297
Mail,3,1239,281
Mail,3,1240,403
Mail,3,1241,347
Mail,3,1242,275
Mail,3,1243,393
Mail,3,1244,306
Mail,3,1245,395
Mail,3,1246,294
Mail,3,1247,391
Mail,3,1248,413
Mail,3,1249,306
Mail,3,1250,337
Mail,3,1251,345
Mail,3,1252,411
Mail,3,1253,403
Mail,3,1254,405
Mail,3,1255,187
Mail,3,1256,398
Mail,3,1257,0
Mail,3,1258,378
Mail,3,1259,336
Mail,3,1260,416
Mail,3,1261,341
Mail,3,1262,321
Mail,3,1263,413
Mail,3,1264,310
Mail,3,1265,355
Mail,3,1266,230
Mail,3,1267,162
Mail,3,1268,216
Mail,3,1269,138
Mail,3,1270,238
Mail,3,1271,222
Mail,3,1272,258
Mail,3,1273,213
Mail,3,1274,136
Mail,3,1275,130
Mail,3,1276,369
Mail,3,1277,282
Mail,3,1278,392
Mail,3,1279,371
Mail,3,1280,332
Mail,3,1281,318
Mail,3,1282,334
Mail,3,1283,397
Mail,3,1284,380
Mail,3,1285,324
Mail,3,1286,400
Mail,3,1287,211
Mail,3,1288,343
Mail,3,1289,279
Mail,3,1290,277
Mail,3,1291,188
Mail,3,1292,338
Mail,3,1293,157
Mail,3,1294,199
Mail,3,1295,251
Mail,3,1296,299
Mail,3,1297,237
Mail,3,1298,290
Mail,3,1299,193
Mail,3,1300,151
Mail,3,1301,114
Mail,3,1302,167
Mail,3,1303,373
Mail,3,1304,254
Mail,3,1305,340
Mail,3,1306,281
Mail,3,1307,294
Mail,3,1308,399
Mail,3,1309,272
Mail,3,1310,382
Mail,3,1311,386
Mail,3,1312,292
Mail,3,1313,224
Mail,3,1314,148
Mail,3,1315,328
Mail,3,1316,288
Mail,3,1317,275
Mail,3,1318,272
Mail,3,1319,360
Mail,3,1320,344
Mail,3,1321,220
Mail,3,1322,290
Mail,3,1323,328
Mail,3,1324,334
Mail,3,1325,414
Mail,3,1326,389
Mail,3,1327,308
Mail,3,1328,279
Mail,3,1329,416
Mail,3,1330,336
Mail,3,1331,391
Mail,3,1332,418
Mail,3,1333,358
Mail,3,1334,387
Mail,3,1335,409
Mail,3,1336,342
Mail,3,1337,401
Mail,3,1338,220
Mail,3,1339,305
Mail,3,1340,384
Mail,3,1341,318
Mail,3,1342,376
Mail,3,1343,366
Mail,3,1344,355
Mail,3,1345,397
Mail,3,1346,305
Mail,3,1347,313
Mail,3,1348,272
Mail,3,1349,388
Mail,3,1350,328
Mail,3,1351,404
Mail,3,1352,405
Mail,3,1353,384
Mail,3,1354,370
Mail,3,1355,367
Mail,3,1356,300
Mail,3,1357,342
Mail,3,1358,259
Mail,3,1359,274
Mail,3,1360,241
Mail,3,1361,400
Mail,3,1362,424
Mail,3,1363,370
Mail,3,1364,384
Mail,3,1365,330
Mail,3,1366,242
Mail,3,1367,270
Mail,3,1368,368
Mail,3,1369,364
Mail,3,1370,384
Mail,3,1371,269
Mail,3,1372,372
Mail,3,1373,332
Mail,3,1374,346
Mail,3,1375,234
Mail,3,1376,361
Mail,3,1377,379
Mail,3,1378,321
Mail,3,1379,375
Mail,3,1380,405
Mail,3,1381,380
Mail,3,1382,382
Mail,3,1383,390
Mail,3,1384,414
Mail,3,1385,301
Mail,3,1386,368
Mail,3,1387,384
Mail,3,1388,413
Mail,3,1389,299
Mail,3,1390,291
Mail,3,1391,144
Mail,3,1392,395
Mail,3,1393,377
Mail,3,1394,402
Mail,3,1395,354
Mail,3,1396,322
Mail,3,1397,368
Mail,3,1398,370
Mail,3,1399,344
Mail,3,1400,332
Mail,3,1401,280
Mail,3,1402,398
Mail,3,1403,348
Mail,3,1404,363
Mail,3,1405,364
Mail,3,1406,228
Mail,3,1407,388
Mail,3,1408,396
Mail,3,1409,372
Mail,3,1410,168
Mail,3,1411,128
Mail,3,1412,395
Mail,3,1413,344
Mail,3,1414,290
Mail,3,1415,304
Mail,3,1416,305
Mail,3,1417,374
Mail,3,1418,401
Mail,3,1419,319
Mail,3,1420,262
Mail,3,1421,311
Mail,3,1422,284
Mail,3,1423,373
Mail,3,1424,384
Mail,3,1425,347
Mail,3,1426,391
Mail,3,1427,409
Mail,3,1428,236
Mail,3,1429,377
Mail,3,1430,173
Mail,3,1431,410
Mail,3,1432,320
Mail,3,1433,387
Mail,3,1434,148
Mail,3,1435,312
Mail,3,1436,328
Mail,3,1437,300
Mail,3,1438,265
Mail,3,1439,151
Mail,3,1440,129
Mail,3,1441,275
Mail,3,1442,429
Mail,3,1443,402
Mail,3,1444,415
Mail,3,1445,345
Mail,3,1446,419
Mail,3,1447,314
Mail,3,1448,409
Mail,3,1449,375
Mail,3,1450,411
Mail,3,1451,301
Mail,3,1452,292
Mail,3,1453,409
Mail,3,1454,340
Mail,3,1455,386
Mail,3,1456,406
Mail,3,1457,293
Mail,3,1458,350
Mail,3,1459,401
Mail,3,1460,337
Mail,3,1461,415
Mail,3,1462,400
Mail,3,1463,377
Mail,3,1464,168
Mail,3,1465,162
Mail,3,1466,402
Mail,3,1467,325
Mail,3,1468,413
Mail,3,1469,310
Mail,3,1470,429
Mail,3,1471,296
Mail,3,1472,415
Mail,3,1473,314
Mail,3,1474,353
Mail,3,1475,416
Mail,3,1476,306
Mail,3,1477,405
Mail,3,1478,341
Mail,3,1479,236
Mail,3,1480,366
Mail,3,1481,328
Mail,3,1482,421
Mail,3,1483,325
Mail,3,1484,347
Mail,3,1485,436
Mail,3,1486,361
Mail,3,1487,418
Mail,3,1488,405
Mail,3,1489,420
Mail,3,1490,307
Mail,3,1491,418
Mail,3,1492,272
Mail,3,1493,375
Mail,3,1494,383
Mail,3,1495,420
Mail,3,1496,410
Mail,3,1497,429
Mail,3,1498,376
Mail,3,1499,385
Mail,3,1500,370
Mail,3,1501,417
Mail,3,1502,236
Mail,3,1503,345
Mail,3,1504,332
Mail,3,1505,318
Mail,3,1506,337
Mail,3,1507,202
Mail,3,1508,316
Mail,3,1509,362
Mail,3,1510,381
Mail,3,1511,358
Mail,3,1512,220
Mail,3,1513,212
Mail,3,1514,397
Mail,3,1515,277
Mail,3,1516,341
Mail,3,1517,424
Mail,3,1518,227
Mail,3,1519,380
Mail,3,1520,291
Mail,3,1521,208
Mail,3,1522,237
Mail,3,1523,237
Mail,3,1524,303
Mail,3,1525,346
Mail,3,1526,369
Mail,3,1527,383
Mail,3,1528,247
Mail,3,1529,363
Mail,3,1530,197
Mail,3,1531,281
Mail,3,1532,383
Mail,3,1533,418
Mail,3,1534,399
Mail,3,1535,406
Mail,3,1536,410
Mail,3,1537,403
Mail,3,1538,326
Mail,3,1539,351
Mail,3,1540,388
Mail,3,1541,315
Mail,3,1542,314
Mail,3,1543,243
Mail,3,1544,356
Mail,3,1545,306
Mail,3,1546,211
Mail,3,1547,183
Mail,3,1548,197
Mail,3,1549,341
Mail,3,1550,244
Mail,3,1551,301
Mail,3,1552,379
Mail,3,1553,346
Mail,3,1554,249
Mail,3,1555,245
Mail,3,1556,245
Mail,3,1557,307
Mail,3,1558,189
Mail,4,1,302
Mail,4,2,244
Mail,4,3,89
Mail,4,4,159
Mail,4,5,304
Mail,4,6,132
Mail,4,7,281
Mail,4,8,178
Mail,4,9,170
Mail,4,10,308
Mail,4,11,190
Mail,4,12,149
Mail,4,13,286
Mail,4,14,192
Mail,4,15,268
Mail,4,16,172
Mail,4,17,228
Mail,4,18,243
Mail,4,19,259
Mail,4,20,257
Mail,4,21,166
Mail,4,22,312
Mail,4,23,178
Mail,4,24,258
Mail,4,25,215
Mail,4,26,295
Mail,4,27,193
Mail,4,28,347
Mail,4,29,200
Mail,4,30,218
Mail,4,31,326
Mail,4,32,282
Mail,4,33,269
Mail,4,34,210
Mail,4,35,265
Mail,4,36,255
Mail,4,37,164
Mail,4,38,271
Mail,4,39,393
Mail,4,40,323
Mail,4,41,336
Mail,4,42,264
Mail,4,43,346
Mail,4,44,275
Mail,4,45,285
Mail,4,46,421
Mail,4,47,343
Mail,4,48,308
Mail,4,49,248
Mail,4,50,158
Mail,4,51,158
Mail,4,52,326
Mail,4,53,362
Mail,4,54,278
Mail,4,55,295
Mail,4,56,330
Mail,4,57,328
Mail,4,58,275
Mail,4,59,249
Mail,4,60,190
Mail,4,61,177
Mail,4,62,117
Mail,4,63,180
Mail,4,64,276
Mail,4,65,344
Mail,4,66,277
Mail,4,67,263
Mail,4,68,317
Mail,4,69,278
Mail,4,70,239
Mail,4,71,350
Mail,4,72,350
Mail,4,73,285
Mail,4,74,342
Mail,4,75,289
Mail,4,76,244
Mail,4,77,343
Mail,4,78,371
Mail,4,79,235
Mail,4,80,266
Mail,4,81,179
Mail,4,82,337
Mail,4,83,290
Mail,4,84,315
Mail,4,85,275
Mail,4,86,234
Mail,4,87,261
Mail,4,88,282
Mail,4,89,344
Mail,4,90,295
Mail,4,91,317
Mail,4,92,233
Mail,4,93,0
Mail,4,94,317
Mail,4,95,372
Mail,4,96,270
Mail,4,97,186
Mail,4,98,279
Mail,4,99,319
Mail,4,100,278
Mail,4,101,326
Mail,4,102,192
Mail,4,103,260
Mail,4,104,189
Mail,4,105,232
Mail,4,106,307
Mail,4,107,277
Mail,4,108,284
Mail,4,109,245
Mail,4,110,271
Mail,4,111,395
Mail,4,112,386
Mail,4,113,317
Mail,4,114,239
Mail,4,115,261
Mail,4,116,324
Mail,4,117,373
Mail,4,118,289
Mail,4,119,227
Mail,4,120,188
Mail,4,121,303
Mail,4,122,268
Mail,4,123,261
Mail,4,124,194
Mail,4,125,162
Mail,4,126,228
Mail,4,127,144
Mail,4,128,234
Mail,4,129,279
Mail,4,130,268
Mail,4,131,311
Mail,4,132,329
Mail,4,133,223
Mail,4,134,228
Mail,4,135,259
Mail,4,136,315
Mail,4,137,248
Mail,4,138,234
Mail,4,139,249
Mail,4,140,300
Mail,4,141,331
Mail,4,142,399
Mail,4,143,398
Mail,4,144,285
Mail,4,145,17
Mail,4,146,293
Mail,4,147,198
Mail,4,148,205
Mail,4,149,241
Mail,4,150,242
Mail,4,151,135
Mail,4,152,183
Mail,4,153,198
Mail,4,154,191
Mail,4,155,142
Mail,4,156,84
Mail,4,157,143
Mail,4,158,203
Mail,4,159,236
Mail,4,160,167
Mail,4,161,180
Mail,4,162,226
Mail,4,163,170
Mail,4,164,167
Mail,4,165,129
Mail,4,166,110
Mail,4,167,258
Mail,4,168,247
Mail,4,169,214
Mail,4,170,178
Mail,4,171,185
Mail,4,172,257
Mail,4,173,196
Mail,4,174,316
Mail,4,175,254
Mail,4,176,239
Mail,4,177,286
Mail,4,178,202
Mail,4,179,192
Mail,4,180,144
Mail,4,181,296
Mail,4,182,228
Mail,4,183,127
Mail,4,184,200
Mail,4,185,243
Mail,4,186,191
Mail,4,187,203
Mail,4,188,199
Mail,4,189,116
Mail,4,190,213
Mail,4,191,198
Mail,4,192,228
Mail,4,193,217
Mail,4,194,156
Mail,4,195,183
Mail,4,196,147
Mail,4,197,205
Mail,4,198,205
Mail,4,199,225
Mail,4,200,251
Mail,4,201,200
Mail,4,202,249
Mail,4,203,284
Mail,4,204,275
Mail,4,205,419
Mail,4,206,278
Mail,4,207,196
Mail,4,208,403
Mail,4,209,384
Mail,4,210,266
Mail,4,211,383
Mail,4,212,222
Mail,4,213,282
Mail,4,214,180
Mail,4,215,233
Mail,4,216,292
Mail,4,217,237
Mail,4,218,227
Mail,4,219,239
Mail,4,220,259
Mail,4,221,255
Mail,4,222,200
Mail,4,223,223
Mail,4,224,198
Mail,4,225,230
Mail,4,226,220
Mail,4,227,249
Mail,4,228,298
Mail,4,229,247
Mail,4,230,261
Mail,4,231,297
Mail,4,232,369
Mail,4,233,153
Mail,4,234,197
Mail,4,235,250
Mail,4,236,273
Mail,4,237,209
Mail,4,238,188
Mail,4,239,259
Mail,4,240,242
Mail,4,241,228
Mail,4,242,295
Mail,4,243,210
Mail,4,244,267
Mail,4,245,269
Mail,4,246,195
Mail,4,247,244
Mail,4,248,251
Mail,4,249,262
Mail,4,250,256
Mail,4,251,228
Mail,4,252,333
Mail,4,253,329
Mail,4,254,50
Mail,4,255,273
Mail,4,256,220
Mail,4,257,224
Mail,4,258,224
Mail,4,259,242
Mail,4,260,144
Mail,4,261,262
Mail,4,262,378
Mail,4,263,240
Mail,4,264,307
Mail,4,265,307
Mail,4,266,319
Mail,4,267,144
Mail,4,268,324
Mail,4,269,235
Mail,4,270,302
Mail,4,271,200
Mail,4,272,197
Mail,4,273,204
Mail,4,274,314
Mail,4,275,248
Mail,4,276,218
Mail,4,277,144
Mail,4,278,156
Mail,4,279,123
Mail,4,280,125
Mail,4,281,111
Mail,4,282,267
Mail,4,283,226
Mail,4,284,176
Mail,4,285,303
Mail,4,286,269
Mail,4,287,314
Mail,4,288,211
Mail,4,289,288
Mail,4,290,182
Mail,4,291,207
Mail,4,292,194
Mail,4,293,193
Mail,4,294,241
Mail,4,295,337
Mail,4,296,183
Mail,4,297,171
Mail,4,298,140
Mail,4,299,186
Mail,4,300,259
Mail,4,301,255
Mail,4,302,314
Mail,4,303,250
Mail,4,304,216
Mail,4,305,230
Mail,4,306,243
Mail,4,307,282
Mail,4,308,219
Mail,4,309,302
Mail,4,310,284
Mail,4,311,305
Mail,4,312,228
Mail,4,313,282
Mail,4,314,247
Mail,4,315,228
Mail,4,316,241
Mail,4,317,258
Mail,4,318,209
Mail,4,319,316
Mail,4,320,221
Mail,4,321,221
Mail,4,322,251
Mail,4,323,249
Mail,4,324,238
Mail,4,325,303
Mail,4,326,297
Mail,4,327,321
Mail,4,328,295
Mail,4,329,256
Mail,4,330,186
Mail,4,331,208
Mail,4,332,255
Mail,4,333,124
Mail,4,334,306
Mail,4,335,228
Mail,4,336,179
Mail,4,337,171
Mail,4,338,207
Mail,4,339,191
Mail,4,340,216
Mail,4,341,241
Mail,4,342,365
Mail,4,343,199
Mail,4,344,182
Mail,4,345,223
Mail,4,346,218
Mail,4,347,156
Mail,4,348,152
Mail,4,349,227
Mail,4,350,352
Mail,4,351,287
Mail,4,352,269
Mail,4,353,307
Mail,4,354,200
Mail,4,355,326
Mail,4,356,153
Mail,4,357,133
Mail,4,358,260
Mail,4,359,305
Mail,4,360,254
Mail,4,361,281
Mail,4,362,257
Mail,4,363,227
Mail,4,364,239
Mail,4,365,258
Mail,4,366,308
Mail,4,367,318
Mail,4,368,199
Mail,4,369,262
Mail,4,370,189
Mail,4,371,338
Mail,4,372,332
Mail,4,373,300
Mail,4,374,296
Mail,4,375,278
Mail,4,376,265
Mail,4,377,302
Mail,4,378,234
Mail,4,379,353
Mail,4,380,297
Mail,4,381,273
Mail,4,382,251
Mail,4,383,261
Mail,4,384,264
Mail,4,385,203
Mail,4,386,333
Mail,4,387,354
Mail,4,388,347
Mail,4,389,214
Mail,4,390,308
Mail,4,391,351
Mail,4,392,290
Mail,4,393,295
Mail,4,394,230
Mail,4,395,332
Mail,4,396,212
Mail,4,397,269
Mail,4,398,339
Mail,4,399,220
Mail,4,400,332
Mail,4,401,263
Mail,4,402,292
Mail,4,403,310
Mail,4,404,344
Mail,4,405,277
Mail,4,406,355
Mail,4,407,256
Mail,4,408,280
Mail,4,409,320
Mail,4,410,335
Mail,4,411,188
Mail,4,412,206
Mail,4,413,190
Mail,4,414,170
Mail,4,415,145
Mail,4,416,151
Mail,4,417,176
Mail,4,418,108
Mail,4,419,117
Mail,4,420,132
Mail,4,421,133
Mail,4,422,146
Mail,4,423,83
Mail,4,424,313
Mail,4,425,7
Mail,4,426,285
Mail,4,427,164
Mail,4,428,117
Mail,4,429,0
Mail,4,430,0
Mail,6,1,89
Mail,6,2,199
Mail,6,3,376
Mail,6,4,281
Mail,6,5,334
Mail,6,6,359
Mail,6,7,344
Mail,6,8,318
Mail,6,9,306
Mail,6,10,299
Mail,6,11,133
Mail,6,12,289
Mail,6,13,282
Mail,6,14,321
Mail,6,15,258
Mail,6,16,290
Mail,6,17,271
Mail,6,18,319
Mail,6,19,252
Mail,6,20,260
Mail,6,21,244
Mail,6,22,344
Mail,6,23,229
Mail,6,24,219
Mail,6,25,253
Mail,6,26,274
Mail,6,27,328
Mail,6,28,215
Mail,6,29,322
Mail,6,30,265
Mail,6,31,295
Mail,6,32,295
Mail,6,33,268
Mail,6,34,273
Mail,6,35,302
Mail,6,36,100
Mail,6,37,139
Mail,6,38,197
Mail,6,39,300
Mail,6,40,290
Mail,6,41,202
Mail,6,42,98
Mail,6,43,100
Mail,6,44,96
Mail,6,45,100
Mail,6,46,119
Mail,6,47,120
Mail,6,48,121
Mail,6,49,188
Mail,6,50,189
Mail,6,51,153
Mail,6,52,121
Mail,6,53,248
Mail,6,54,255
Mail,6,55,209
Mail,6,56,184
Mail,6,57,213
Mail,6,58,182
Mail,6,59,246
Mail,6,60,71
Mail,6,61,136
Mail,6,62,106
Mail,6,63,227
Mail,6,64,188
Mail,6,65,246
Mail,6,66,122
Mail,6,67,253
Mail,6,68,227
Mail,6,69,282
Mail,6,70,203
Mail,6,71,279
Mail,6,72,244
Mail,6,73,245
Mail,6,74,299
Mail,6,75,343
Mail,6,76,273
Mail,6,77,277
Mail,6,78,239
Mail,6,79,280
Mail,6,80,257
Mail,6,81,186
Mail,6,82,265
Mail,6,83,315
Mail,6,84,315
Mail,6,85,315
Mail,6,86,238
Mail,6,87,234
Mail,6,88,306
Mail,6,89,259
Mail,6,90,292
Mail,6,91,120
Mail,6,92,253
Mail,6,93,93
Mail,6,94,305
Mail,6,95,302
Mail,6,96,102
Mail,6,97,171
Mail,6,98,236
Mail,6,99,296
Mail,6,100,280
Mail,6,101,267
Mail,6,102,295
Mail,6,103,327
Mail,6,104,282
Mail,6,105,282
Mail,6,106,327
Mail,6,107,278
Mail,6,108,308
Mail,6,109,306
Mail,6,110,273
Mail,6,111,323
Mail,6,112,310
Mail,6,113,282
Mail,6,114,267
Mail,6,115,308
Mail,6,116,325
Mail,6,117,290
Mail,6,118,285
Mail,6,119,292
Mail,6,120,327
Mail,6,121,278
Mail,6,122,319
Mail,6,123,347
Mail,6,124,266
Mail,6,125,306
Mail,6,126,296
Mail,6,127,312
Mail,6,128,307
Mail,6,129,322
Mail,6,130,242
Mail,6,131,264
Mail,6,132,301
Mail,6,133,262
Mail,6,134,263
Mail,6,135,111
Mail,6,136,87
Mail,6,137,126
Mail,6,138,292
Mail,6,139,175
Mail,6,140,235
Mail,6,141,271
Mail,6,142,262
Mail,6,143,254
Mail,6,144,307
Mail,6,145,408
Mail,6,146,334
Mail,6,147,371
Mail,6,148,294
Mail,6,149,323
Mail,6,150,404
Mail,6,151,315
Mail,6,152,328
Mail,6,153,331
Mail,6,154,372
Mail,6,155,320
Mail,6,156,288
Mail,6,157,360
Mail,6,158,373
Mail,6,159,270
Mail,6,160,258
Mail,6,161,310
Mail,6,162,276
Mail,6,163,303
Mail,6,164,272
Mail,6,165,309
Mail,6,166,268
Mail,6,167,310
Mail,6,168,295
Mail,6,169,274
Mail,6,170,304
Mail,6,171,220
Mail,6,172,279
Mail,6,173,261
Mail,6,174,300
Mail,6,175,271
Mail,6,176,174
Mail,6,177,361
Mail,6,178,311
Mail,6,179,260
Mail,6,180,215
Mail,6,181,309
Mail,6,182,264
Mail,6,183,201
Mail,6,184,212
Mail,6,185,244
Mail,6,186,262
Mail,6,187,274
Mail,6,188,327
Mail,6,189,230
Mail,6,190,148
Mail,6,191,283
Mail,6,192,138
Mail,6,193,198
Mail,6,194,221
Mail,6,195,161
Mail,6,196,120
Mail,6,197,296
Mail,6,198,329
Mail,6,199,133
Mail,6,200,230
Mail,6,201,237
Mail,6,202,276
Mail,6,203,327
Mail,6,204,369
Mail,6,205,344
Mail,6,206,145
Mail,6,207,159
Mail,6,208,228
Mail,6,209,155
Mail,6,210,145
Mail,6,211,65
Mail,6,212,59
Mail,6,213,237
Mail,6,214,186
Mail,6,215,132
Mail,6,216,191
Mail,6,217,149
Mail,6,218,371
Mail,6,219,354
Mail,6,220,207
Mail,6,221,283
Mail,6,222,321
Mail,6,223,223
Mail,6,224,190
Mail,6,225,253
Mail,6,226,169
Mail,6,227,254
Mail,6,228,247
Mail,6,229,256
Mail,6,230,354
Mail,6,231,354
Mail,6,232,285
Mail,6,233,317
Mail,6,234,166
Mail,6,235,318
Mail,6,236,234
Mail,6,237,281
Mail,6,238,297
Mail,6,239,302
Mail,6,240,338
Mail,6,241,193
Mail,6,242,344
Mail,6,243,245
Mail,6,244,211
Mail,6,245,253
Mail,6,246,262
Mail,6,247,314
Mail,6,248,338
Mail,6,249,343
Mail,6,250,323
Mail,6,251,318
Mail,6,252,367
Mail,6,253,354
Mail,6,254,345
Mail,6,255,386
Mail,6,256,382
Mail,6,257,159
Mail,6,258,399
Mail,6,259,249
Mail,6,260,157
Mail,6,261,138
Mail,6,262,309
Mail,6,263,214
Mail,6,264,402
Mail,6,265,307
Mail,6,266,351
Mail,6,267,112
Mail,6,268,198
Mail,6,269,165
Mail,6,270,136
Mail,6,271,113
Mail,6,272,260
Mail,6,273,394
Mail,6,274,226
Mail,6,275,380
Mail,6,276,198
Mail,6,277,205
Mail,6,278,184
Mail,6,279,137
Mail,6,280,234
Mail,6,281,363
Mail,6,282,214
Mail,6,283,178
Mail,6,284,340
Mail,6,285,353
Mail,6,286,359
Mail,6,287,349
Mail,6,288,202
Mail,6,289,411
Mail,6,290,272
Mail,6,291,353
Mail,6,292,360
Mail,6,293,351
Mail,6,294,361
Mail,6,295,243
Mail,6,296,361
Mail,6,297,354
Mail,6,298,376
Mail,6,299,301
Mail,6,300,326
Mail,6,301,287
Mail,6,302,361
Mail,6,303,414
Mail,6,304,258
Mail,6,305,155
Mail,6,306,243
Mail,6,307,210
Mail,6,308,157
Mail,6,309,264
Mail,6,310,144
Mail,6,311,151
Mail,6,312,246
Mail,6,313,243
Mail,6,314,238
Mail,6,315,363
Mail,6,316,236
Mail,6,317,257
Mail,6,318,193
Mail,6,319,201
Mail,6,320,256
Mail,6,321,198
Mail,6,322,177
Mail,6,323,271
Mail,6,324,273
Mail,6,325,360
Mail,6,326,302
Mail,6,327,159
Mail,6,328,257
Mail,6,329,195
Mail,6,330,215
Mail,6,331,112
Mail,6,332,256
Mail,6,333,189
Mail,6,334,168
Mail,6,335,255
Mail,6,336,149
Mail,6,337,230
Mail,6,338,218
Mail,6,339,293
Mail,6,340,218
Mail,6,341,275
Mail,6,342,220
Mail,6,343,308
Mail,6,344,263
Mail,6,345,262
Mail,6,346,164
Mail,6,347,311
Mail,6,348,316
Mail,6,349,348
Mail,6,350,343
Mail,6,351,300
Mail,6,352,328
Mail,6,353,402
Mail,6,354,281
Mail,6,355,417
Mail,6,356,358
Mail,6,357,391
Mail,6,358,275
Mail,6,359,217
Mail,6,360,333
Mail,6,361,337
Mail,6,362,298
Mail,6,363,192
Mail,6,364,255
Mail,6,365,221
Mail,6,366,289
Mail,6,367,226
Mail,6,368,297
Mail,6,369,254
Mail,6,370,257
Mail,6,371,306
Mail,6,372,401
Mail,6,373,273
Mail,6,374,203
Mail,6,375,167
Mail,6,376,275
Mail,6,377,345
Mail,6,378,204
Mail,6,379,383
Mail,6,380,298
Mail,6,381,253
Mail,6,382,220
Mail,6,383,297
Mail,6,384,263
Mail,6,385,6
Mail,6,386,133
Mail,6,387,62
Mail,6,388,66
Mail,6,389,198
Mail,6,390,212
Mail,6,391,166
Mail,6,392,151
Mail,6,393,135
Mail,6,394,162
Mail,6,395,219
Mail,6,396,259
Mail,6,397,328
Mail,6,398,163
Mail,6,399,313
Mail,6,400,201
Mail,6,401,128
Mail,6,402,250
Mail,6,403,45
Mail,6,404,235
Mail,6,405,239
Mail,6,406,250
Mail,6,407,290
Mail,6,408,319
Mail,6,409,285
Mail,6,410,307
Mail,6,411,343
Mail,6,412,238
Mail,6,413,405
Mail,6,414,201
Mail,6,415,333
Mail,6,416,329
Mail,6,417,318
Mail,6,418,231
Mail,6,419,271
Mail,6,420,312
Mail,6,421,372
Mail,6,422,164
Mail,6,423,379
Mail,6,424,206
Mail,6,425,217
Mail,6,426,196
Mail,6,427,365
Mail,6,428,278
Mail,6,429,393
Mail,6,430,372
Mail,6,431,299
Mail,6,432,307
Mail,6,433,317
Mail,6,434,367
Mail,6,435,288
Mail,6,436,387
Mail,6,437,339
Mail,6,438,390
Mail,6,439,266
Mail,6,440,367
Mail,6,441,341
Mail,6,442,311
Mail,6,443,331
Mail,6,444,372
Mail,6,445,373
Mail,6,446,264
Mail,6,447,324
Mail,6,448,209
Mail,6,449,394
Mail,6,450,242
Mail,6,451,142
Mail,6,452,121
Mail,6,453,236
Mail,6,454,284
Mail,6,455,367
Mail,6,456,311
Mail,6,457,354
Mail,6,458,318
Mail,6,459,368
Mail,6,460,398
Mail,6,461,293
Mail,6,462,270
Mail,6,463,357
Mail,6,464,250
Mail,6,465,354
Mail,6,466,332
Mail,6,467,331
Mail,6,468,244
Mail,6,469,326
Mail,6,470,430
Mail,6,471,222
Mail,6,472,314
Mail,6,473,111
Mail,6,474,236
Mail,6,475,288
Mail,6,476,360
Mail,6,477,315
Mail,6,478,303
Mail,6,479,301
Mail,6,480,295
Mail,6,481,258
Mail,6,482,206
Mail,6,483,340
Mail,6,484,265
Mail,6,485,355
Mail,6,486,240
Mail,6,487,238
Mail,6,488,276
Mail,6,489,170
Mail,6,490,229
Mail,6,491,399
Mail,6,492,338
Mail,6,493,311
Mail,6,494,378
Mail,6,495,319
Mail,6,496,217
Mail,6,497,350
Mail,6,498,318
Mail,6,499,362
Mail,6,500,233
Mail,6,501,186
Mail,6,502,349
Mail,6,503,153
Mail,6,504,137
Mail,6,505,293
Mail,6,506,302
Mail,6,507,293
Mail,6,508,244
Mail,6,509,279
Mail,6,510,200
Mail,6,511,201
Mail,6,512,391
Mail,6,513,272
Mail,6,514,232
Mail,6,515,313
Mail,6,516,302
Mail,6,517,181
Mail,6,518,315
Mail,6,519,306
Mail,6,520,367
Mail,6,521,309
Mail,6,522,304
Mail,6,523,333
Mail,6,524,340
Mail,6,525,225
Mail,6,526,263
Mail,6,527,315
Mail,6,528,222
Mail,6,529,305
Mail,6,530,216
Mail,6,531,352
Mail,6,532,326
Mail,6,533,222
Mail,6,534,368
Mail,6,535,290
Mail,6,536,172
Mail,6,537,285
Mail,6,538,292
Mail,6,539,362
Mail,6,540,274
Mail,6,541,291
Mail,4,To be cured,15000
In-Person,In Person - 1,1,18
In-Person,In Person - 1,2,79
In-Person,In Person - 1,3,84
In-Person,In Person - 1,4,82
In-Person,In Person - 1,5,47
In-Person,In Person - 1,6,169
In-Person,In Person - 1,7,330
In-Person,In Person - 1,8,106
In-Person,In Person - 1,9,272
In-Person,In Person - 1,10,406
In-Person,In Person - 1,11,242
In-Person,In Person - 1,12,147
In-Person,In Person - 1,13,240
In-Person,In Person - 1,14,55
In-Person,In Person - 1,15,31
In-Person,In Person - 1,16,262
In-Person,In Person - 1,17,205
In-Person,In Person - 1,18,52
In-Person,In Person - 1,19,54
In-Person,In Person - 1,20,26
In-Person,In Person - 1,21,29
In-Person,In Person - 1,22,300
In-Person,In Person - 1,23,35
In-Person,In Person - 1,24,49
In-Person,In Person - 1,25,352
In-Person,In Person - 1,26,53
In-Person,In Person - 1,27,106
In-Person,In Person - 1,28,94
In-Person,In Person - 1,29,400
In-Person,In Person - 1,30,303
In-Person,In Person - 1,31,335
In-Person,In Person - 1,32,76
In-Person,In Person - 1,33,36
In-Person,In Person - 1,34,28
In-Person,In Person - 1,35,76
In-Person,In Person - 1,36,78
In-Person,In Person - 1,37,72
In-Person,In Person - 1,38,119
In-Person,In Person - 1,39,145
In-Person,In Person - 1,40,133
In-Person,In Person - 1,41,263
In-Person,In Person - 1,42,220
In-Person,In Person - 1,43,394
In-Person,In Person - 1,44,348
In-Person,In Person - 1,45,126
In-Person,In Person - 1,46,300
In-Person,In Person - 1,47,267
In-Person,In Person - 1,48,127
In-Person,In Person - 1,49,435
In-Person,In Person - 1,50,418
In-Person,In Person - 1,51,309
In-Person,In Person - 1,52,129
In-Person,In Person - 1,53,260
In-Person,In Person - 1,54,72
In-Person,In Person - 1,55,351
In-Person,In Person - 1,56,293
In-Person,In Person - 1,57,205
In-Person,In Person - 1,58,344
In-Person,In Person - 1,59,376
In-Person,In Person - 1,60,301
In-Person,In Person - 1,61,372
In-Person,In Person - 1,62,301
In-Person,In Person - 1,63,286
In-Person,In Person - 1,64,320
In-Person,In Person - 1,65,368
In-Person,In Person - 1,66,310
In-Person,In Person - 1,67,241
In-Person,In Person - 1,68,383
In-Person,In Person - 1,69,215
In-Person,In Person - 1,70,340
In-Person,In Person - 1,71,44
In-Person,In Person - 1,72,359
In-Person,In Person - 1,73,92
In-Person,In Person - 1,74,279
In-Person,In Person - 1,75,40
In-Person,In Person - 1,76,110
In-Person,In Person - 1,77,116
In-Person,In Person - 1,78,121
In-Person,In Person - 1,79,174
In-Person,In Person - 1,80,411
In-Person,In Person - 1,81,172
In-Person,In Person - 1,82,275
In-Person,In Person - 1,83,204
In-Person,In Person - 1,84,333
In-Person,In Person - 1,85,420
In-Person,In Person - 1,86,86
In-Person,In Person - 1,87,288
In-Person,In Person - 1,88,243
In-Person,In Person - 1,89,390
In-Person,In Person - 1,90,318
In-Person,In Person - 1,91,154
In-Person,In Person - 1,92,295
In-Person,In Person - 1,93,80
In-Person,In Person - 1,94,300
In-Person,In Person - 1,95,296
In-Person,In Person - 1,96,227
In-Person,In Person - 1,97,52
In-Person,In Person - 1,98,232
In-Person,In Person - 1,99,320
In-Person,In Person - 6,1,222
In-Person,In Person - 6,2,84
In-Person,In Person - 6,3,86
In-Person,In Person - 6,4,351
In-Person,In Person - 6,5,230
In-Person,In Person - 6,6,442
In-Person,In Person - 6,7,104
In-Person,In Person - 6,8,83
In-Person,In Person - 6,9,316
In-Person,In Person - 6,10,152
In-Person,In Person - 6,11,131
In-Person,In Person - 6,12,295
In-Person,In Person - 6,13,268
In-Person,In Person - 6,14,162
In-Person,In Person - 6,15,419
In-Person,In Person - 6,16,282
In-Person,In Person - 6,17,243
In-Person,In Person - 6,18,269
In-Person,In Person - 6,19,409
In-Person,In Person - 6,20,64
In-Person,In Person - 6,21,260
In-Person,In Person - 6,22,45
In-Person,In Person - 6,23,405
In-Person,In Person - 6,24,298
In-Person,In Person - 6,25,237
In-Person,In Person - 6,26,191
In-Person,In Person - 6,27,72
In-Person,In Person - 6,28,212
In-Person,In Person - 6,29,81
In-Person,In Person - 6,30,289
In-Person,In Person - 6,31,179
In-Person,In Person - 6,32,127
In-Person,In Person - 6,33,371
In-Person,In Person - 6,34,315
In-Person,In Person - 6,35,304
In-Person,In Person - 6,36,115
In-Person,In Person - 6,37,275
In-Person,In Person - 6,38,298
In-Person,In Person - 6,39,133
In-Person,In Person - 6,40,355
In-Person,In Person - 6,41,354
In-Person,In Person - 6,42,241
In-Person,In Person - 6,43,401
In-Person,In Person - 6,44,227
In-Person,In Person - 6,45,368
In-Person,In Person - 6,46,308
In-Person,In Person - 6,47,205
In-Person,In Person - 6,48,232
In-Person,In Person - 6,49,319
In-Person,In Person - 6,50,237
In-Person,In Person - 6,51,92
In-Person,In Person - 6,52,103
In-Person,In Person - 6,53,230
In-Person,In Person - 6,54,197
In-Person,In Person - 6,55,100
In-Person,In Person - 6,56,230
In-Person,In Person - 6,57,276
In-Person,In Person - 6,58,177
In-Person,In Person - 6,59,392
In-Person,In Person - 6,60,198
In-Person,In Person - 5,1,65
In-Person,In Person - 5,2,117
In-Person,In Person - 5,3,94
In-Person,In Person - 5,4,45
In-Person,In Person - 5,5,198
In-Person,In Person - 5,6,245
In-Person,In Person - 5,7,322
In-Person,In Person - 5,8,255
In-Person,In Person - 5,9,274
In-Person,In Person - 5,10,421
In-Person,In Person - 5,11,56
In-Person,In Person - 5,12,65
In-Person,In Person - 5,13,62
In-Person,In Person - 5,14,27
In-Person,In Person - 5,15,32
In-Person,In Person - 5,16,47
In-Person,In Person - 5,17,57
In-Person,In Person - 5,18,97
In-Person,In Person - 5,19,76
In-Person,In Person - 5,20,75
In-Person,In Person - 5,21,76
In-Person,In Person - 5,22,120
In-Person,In Person - 5,23,76
In-Person,In Person - 5,24,115
In-Person,In Person - 5,25,164
In-Person,In Person - 5,26,158
In-Person,In Person - 5,27,140
In-Person,In Person - 5,28,141
In-Person,In Person - 5,29,391
In-Person,In Person - 5,30,292
In-Person,In Person - 5,31,390
In-Person,In Person - 5,32,267
In-Person,In Person - 5,33,434
In-Person,In Person - 5,34,222
In-Person,In Person - 5,35,352
In-Person,In Person - 5,36,11
In-Person,In Person - 5,37,33
In-Person,In Person - 5,38,81
In-Person,In Person - 5,39,3
In-Person,In Person - 5,40,1
In-Person,In Person - 5,41,92
In-Person,In Person - 5,42,32
In-Person,In Person - 5,43,8
In-Person,In Person - 5,44,39
In-Person,In Person - 5,45,31
In-Person,In Person - 5,46,63
In-Person,In Person - 5,47,83
In-Person,In Person - 5,48,33
In-Person,In Person - 5,49,121
In-Person,In Person - 5,50,107
In-Person,In Person - 5,51,28
In-Person,In Person - 5,52,34
In-Person,In Person - 5,53,135
In-Person,In Person - 5,54,115
In-Person,In Person - 5,55,331
In-Person,In Person - 5,56,249
In-Person,In Person - 5,57,210
In-Person,In Person - 5,58,381
In-Person,In Person - 5,59,92
In-Person,In Person - 5,60,403
In-Person,In Person - 5,61,137
In-Person,In Person - 5,62,79
In-Person,In Person - 5,63,62
In-Person,In Person - 5,64,248
In-Person,In Person - 5,65,153
In-Person,In Person - 5,66,346
In-Person,In Person - 5,67,338
In-Person,In Person - 5,68,244
In-Person,In Person - 5,69,300
In-Person,In Person - 5,70,50
In-Person,In Person - 5,71,17
In-Person,In Person - 5,72,30
In-Person,In Person - 5,73,54
In-Person,In Person - 5,74,59
In-Person,In Person - 5,75,69
In-Person,In Person - 5,76,86
In-Person,In Person - 5,77,87
In-Person,In Person - 5,78,74
In-Person,In Person - 5,79,371
In-Person,In Person - 5,80,211
In-Person,In Person - 5,81,71
In-Person,In Person - 5,82,318
In-Person,In Person - 5,83,81
In-Person,In Person - 5,84,205
In-Person,In Person - 5,85,230
In-Person,In Person - 5,86,144
In-Person,In Person - 5,87,203
In-Person,In Person - 5,88,76
In-Person,In Person - 5,89,85
In-Person,In Person - 5,90,291
In-Person,In Person - 5,91,129
In-Person,In Person - 5,92,173
In-Person,In Person - 5,93,150
In-Person,In Person - 5,94,267
In-Person,In Person - 5,95,325
In-Person,In Person - 5,96,349
In-Person,In Person - 5,97,365
In-Person,In Person - 5,98,135
In-Person,In Person - 5,99,350
In-Person,In Person - 5,100,351
In-Person,In Person - 5,101,318
In-Person,In Person - 5,102,303
In-Person,In Person - 5,103,381
In-Person,In Person - 5,104,25
In-Person,In Person - 5,105,9
In-Person,In Person - 5,106,13
In-Person,In Person - 5,107,52
In-Person,In Person - 5,108,48
In-Person,In Person - 5,109,260
In-Person,In Person - 5,110,45
In-Person,In Person - 5,111,175
In-Person,In Person - 5,112,84
In-Person,In Person - 5,113,35
In-Person,In Person - 5,114,43
In-Person,In Person - 5,115,215
In-Person,In Person - 5,116,189
In-Person,In Person - 5,117,11
In-Person,In Person - 5,118,275
In-Person,In Person - 5,119,8
In-Person,In Person - 5,120,4
In-Person,In Person - 5,121,176
In-Person,In Person - 5,122,19
In-Person,In Person - 5,123,20
In-Person,In Person - 5,124,10
In-Person,In Person - 5,125,20
In-Person,In Person - 5,126,35
In-Person,In Person - 5,127,114
In-Person,In Person - 5,128,442
In-Person,In Person - 5,129,13
In-Person,In Person - 5,130,254
In-Person,In Person - 5,131,8
In-Person,In Person - 5,132,4
In-Person,In Person - 5,133,17
In-Person,In Person - 5,134,14
In-Person,In Person - 5,135,21
In-Person,In Person - 5,136,21
In-Person,In Person - 5,137,14
In-Person,In Person - 5,138,14
In-Person,In Person - 5,139,122
In-Person,In Person - 5,140,265
In-Person,In Person - 5,141,311
In-Person,In Person - 5,142,89
In-Person,In Person - 5,143,25
In-Person,In Person - 5,144,26
In-Person,In Person - 5,145,65
In-Person,In Person - 5,146,67
In-Person,In Person - 5,147,78
In-Person,In Person - 5,148,113
In-Person,In Person - 5,149,123
In-Person,In Person - 5,150,108
In-Person,In Person - 5,151,192
In-Person,In Person - 5,152,314
In-Person,In Person - 5,153,195
In-Person,In Person - 5,154,343
In-Person,In Person - 5,155,115
In-Person,In Person - 5,156,386
In-Person,In Person - 5,157,43
In-Person,In Person - 5,158,51
In-Person,In Person - 5,159,118
In-Person,In Person - 5,160,154
In-Person,In Person - 5,161,167
In-Person,In Person - 5,162,218
In-Person,In Person - 5,163,211
In-Person,In Person - 5,164,206
In-Person,In Person - 5,165,346
In-Person,In Person - 5,166,438
In-Person,In Person - 5,167,422
In-Person,In Person - 5,168,419
In-Person,In Person - 5,169,52
In-Person,In Person - 5,170,38
In-Person,In Person - 5,171,453
In-Person,In Person - 5,172,28
In-Person,In Person - 5,173,69
In-Person,In Person - 5,174,63
In-Person,In Person - 5,175,75
In-Person,In Person - 5,176,137
In-Person,In Person - 5,177,148
In-Person,In Person - 5,178,414
In-Person,In Person - 5,179,314
In-Person,In Person - 5,180,327
In-Person,In Person - 5,181,48
In-Person,In Person - 5,182,16
In-Person,In Person - 5,183,29
In-Person,In Person - 5,184,46
In-Person,In Person - 5,185,64
In-Person,In Person - 5,186,72
In-Person,In Person - 5,187,95
In-Person,In Person - 5,188,98
In-Person,In Person - 5,189,104
In-Person,In Person - 5,190,333
In-Person,In Person - 5,191,51
In-Person,In Person - 5,192,236
In-Person,In Person - 5,193,49
In-Person,In Person - 5,194,40
In-Person,In Person - 5,195,305
In-Person,In Person - 5,196,67
In-Person,In Person - 5,197,104
In-Person,In Person - 5,198,89
In-Person,In Person - 5,199,126
In-Person,In Person - 5,200,251
In-Person,In Person - 5,201,219
In-Person,In Person - 5,202,167
In-Person,In Person - 5,203,142
In-Person,In Person - 5,204,260
In-Person,In Person - 5,205,411
In-Person,In Person - 5,206,46
In-Person,In Person - 5,207,332
In-Person,In Person - 5,208,15
In-Person,In Person - 5,209,24
In-Person,In Person - 5,210,43
In-Person,In Person - 5,211,420
In-Person,In Person - 5,212,41
In-Person,In Person - 5,213,60
In-Person,In Person - 5,214,52
In-Person,In Person - 5,215,95
In-Person,In Person - 5,216,51
In-Person,In Person - 5,217,289
In-Person,In Person - 5,218,344
In-Person,In Person - 5,219,107
In-Person,In Person - 5,220,29
In-Person,In Person - 5,221,302
In-Person,In Person - 5,222,42
In-Person,In Person - 5,223,302
In-Person,In Person - 5,224,105
In-Person,In Person - 5,225,117
In-Person,In Person - 5,226,101
In-Person,In Person - 5,227,152
In-Person,In Person - 5,228,223
In-Person,In Person - 5,229,106
In-Person,In Person - 5,230,247
In-Person,In Person - 5,231,320
In-Person,In Person - 5,232,169
In-Person,In Person - 5,233,317
In-Person,In Person - 5,234,54
In-Person,In Person - 5,235,316
In-Person,In Person - 5,236,12
In-Person,In Person - 5,237,14
In-Person,In Person - 5,238,296
In-Person,In Person - 5,239,37
In-Person,In Person - 5,240,47
In-Person,In Person - 5,241,54
In-Person,In Person - 5,242,66
In-Person,In Person - 5,243,91
In-Person,In Person - 5,244,60
In-Person,In Person - 5,245,496
In-Person,In Person - 5,246,277
In-Person,In Person - 5,247,102
In-Person,In Person - 5,248,243
In-Person,In Person - 5,249,49
In-Person,In Person - 5,250,40
In-Person,In Person - 5,251,274
In-Person,In Person - 5,252,92
In-Person,In Person - 5,253,76
In-Person,In Person - 5,254,114
In-Person,In Person - 5,255,149
In-Person,In Person - 5,256,99
In-Person,In Person - 5,257,94
In-Person,In Person - 5,258,365
In-Person,In Person - 5,259,209
In-Person,In Person - 5,260,320
In-Person,In Person - 5,261,171
In-Person,In Person - 5,262,90
In-Person,In Person - 5,263,273
In-Person,In Person - 5,264,39
In-Person,In Person - 5,265,273
In-Person,In Person - 5,266,36
In-Person,In Person - 5,267,107
In-Person,In Person - 5,268,105
In-Person,In Person - 5,269,81
In-Person,In Person - 5,270,114
In-Person,In Person - 5,271,167
In-Person,In Person - 5,272,163
In-Person,In Person - 5,273,399
In-Person,In Person - 5,274,271
In-Person,In Person - 5,275,238
In-Person,In Person - 5,276,60
In-Person,In Person - 5,277,33
In-Person,In Person - 5,278,427
In-Person,In Person - 5,279,28
In-Person,In Person - 5,280,63
In-Person,In Person - 5,281,280
In-Person,In Person - 5,282,83
In-Person,In Person - 5,283,87
In-Person,In Person - 5,284,107
In-Person,In Person - 5,285,101
In-Person,In Person - 5,286,80
In-Person,In Person - 5,287,478
In-Person,In Person - 5,288,68
In-Person,In Person - 5,289,21
In-Person,In Person - 5,290,47
In-Person,In Person - 5,291,487
In-Person,In Person - 5,292,91
In-Person,In Person - 5,293,109
In-Person,In Person - 5,294,77
In-Person,In Person - 5,295,132
In-Person,In Person - 5,296,187
In-Person,In Person - 5,297,152
In-Person,In Person - 5,298,395
In-Person,In Person - 5,299,477
In-Person,In Person - 5,300,195
In-Person,In Person - 5,301,331
In-Person,In Person - 5,302,300
In-Person,In Person - 5,303,439
In-Person,In Person - 5,304,54
In-Person,In Person - 5,305,23
In-Person,In Person - 5,306,20
In-Person,In Person - 5,307,50
In-Person,In Person - 5,308,39
In-Person,In Person - 5,309,31
In-Person,In Person - 5,310,60
In-Person,In Person - 5,311,42
In-Person,In Person - 5,312,35
In-Person,In Person - 5,313,162
In-Person,In Person - 5,314,326
In-Person,In Person - 5,315,79
In-Person,In Person - 5,316,319
In-Person,In Person - 5,317,67
In-Person,In Person - 5,318,101
In-Person,In Person - 5,319,51
In-Person,In Person - 5,320,104
In-Person,In Person - 5,321,94
In-Person,In Person - 5,322,165
In-Person,In Person - 5,323,154
In-Person,In Person - 5,324,155
In-Person,In Person - 5,325,312
In-Person,In Person - 5,326,248
In-Person,In Person - 5,327,433
In-Person,In Person - 5,328,443
In-Person,In Person - 5,329,216
In-Person,In Person - 5,330,56
In-Person,In Person - 5,331,85
In-Person,In Person - 5,332,185
In-Person,In Person - 5,333,235
In-Person,In Person - 5,334,192
In-Person,In Person - 5,335,271
In-Person,In Person - 5,336,258
In-Person,In Person - 5,337,197
In-Person,In Person - 5,338,286
In-Person,In Person - 5,339,296
In-Person,In Person - 5,340,200
In-Person,In Person - 5,341,376
In-Person,In Person - 5,342,352
In-Person,In Person - 5,343,268
In-Person,In Person - 5,344,435
In-Person,In Person - 5,345,326
In-Person,In Person - 5,346,274
In-Person,In Person - 5,347,95
In-Person,In Person - 5,348,372
In-Person,In Person - 5,349,180
In-Person,In Person - 5,350,405
In-Person,In Person - 5,351,47
In-Person,In Person - 5,352,152
In-Person,In Person - 5,353,50
In-Person,In Person - 5,354,131
In-Person,In Person - 5,355,137
In-Person,In Person - 5,356,129
In-Person,In Person - 5,357,150
In-Person,In Person - 5,358,226
In-Person,In Person - 5,359,199
In-Person,In Person - 5,360,414
In-Person,In Person - 5,361,274
In-Person,In Person - 5,362,195
In-Person,In Person - 5,363,269
In-Person,In Person - 5,364,327
In-Person,In Person - 5,365,230
In-Person,In Person - 5,366,269
In-Person,In Person - 5,367,68
In-Person,In Person - 5,368,232
In-Person,In Person - 5,369,65
In-Person,In Person - 5,370,322
In-Person,In Person - 5,371,174
In-Person,In Person - 5,372,252
In-Person,In Person - 5,373,183
In-Person,In Person - 5,374,413
In-Person,In Person - 5,375,191
In-Person,In Person - 5,376,356
In-Person,In Person - 5,377,400
In-Person,In Person - 5,378,228
In-Person,In Person - 5,379,37
In-Person,In Person - 5,380,21
In-Person,In Person - 5,381,55
In-Person,In Person - 5,382,16
In-Person,In Person - 5,383,38
In-Person,In Person - 5,384,421
In-Person,In Person - 5,385,43
In-Person,In Person - 5,386,47
In-Person,In Person - 5,387,65
In-Person,In Person - 5,388,201
In-Person,In Person - 5,389,67
In-Person,In Person - 5,390,264
In-Person,In Person - 5,391,350
In-Person,In Person - 5,392,430
In-Person,In Person - 5,393,336
In-Person,In Person - 5,394,108
In-Person,In Person - 5,395,74
In-Person,In Person - 5,396,44
In-Person,In Person - 5,397,117
In-Person,In Person - 5,398,122
In-Person,In Person - 5,399,147
In-Person,In Person - 5,400,196
In-Person,In Person - 5,401,161
In-Person,In Person - 5,402,131
In-Person,In Person - 5,403,36
In-Person,In Person - 5,404,376
In-Person,In Person - 5,405,93
In-Person,In Person - 5,406,40
In-Person,In Person - 5,407,111
In-Person,In Person - 5,408,103
In-Person,In Person - 5,409,141
In-Person,In Person - 5,410,284
In-Person,In Person - 5,411,104
In-Person,In Person - 5,412,199
In-Person,In Person - 5,413,220
In-Person,In Person - 5,414,384
In-Person,In Person - 5,415,132
In-Person,In Person - 5,416,149
In-Person,In Person - 5,417,234
In-Person,In Person - 5,418,272
In-Person,In Person - 5,419,262
In-Person,In Person - 5,420,275
In-Person,In Person - 5,421,352
In-Person,In Person - 5,422,323
In-Person,In Person - 5,423,55
In-Person,In Person - 5,424,173
In-Person,In Person - 5,425,63
In-Person,In Person - 5,426,424
In-Person,In Person - 5,427,182
In-Person,In Person - 5,428,192
In-Person,In Person - 5,429,200
In-Person,In Person - 5,430,284
In-Person,In Person - 5,431,228
In-Person,In Person - 5,432,315
In-Person,In Person - 5,433,370
In-Person,In Person - 5,434,72
In-Person,In Person - 5,435,121
In-Person,In Person - 5,436,81
In-Person,In Person - 5,437,477
In-Person,In Person - 5,438,327
In-Person,In Person - 5,439,107
In-Person,In Person - 5,440,60
In-Person,In Person - 5,441,349
In-Person,In Person - 5,442,248
In-Person,In Person - 5,443,291
In-Person,In Person - 5,444,211
In-Person,In Person - 5,445,67
In-Person,In Person - 5,446,68
In-Person,In Person - 5,447,294
In-Person,In Person - 5,448,435
In-Person,In Person - 5,449,199
In-Person,In Person - 5,450,203
In-Person,In Person - 5,451,395
In-Person,In Person - 5,452,457
In-Person,In Person - 5,453,372
In-Person,In Person - 5,454,226
In-Person,In Person - 5,455,174
In-Person,In Person - 5,456,174
In-Person,In Person - 5,457,261
In-Person,In Person - 5,458,298
In-Person,In Person - 5,459,124
In-Person,In Person - 5,460,218
In-Person,In Person - 5,461,442
In-Person,In Person - 5,462,255
In-Person,In Person - 5,463,303
In-Person,In Person - 5,464,293
In-Person,In Person - 5,465,251
In-Person,In Person - 5,466,416
In-Person,In Person - 5,467,305
In-Person,In Person - 5,468,357
In-Person,In Person - 5,469,342
In-Person,In Person - 5,470,358
In-Person,In Person - 5,471,299
In-Person,In Person - 5,472,279
In-Person,In Person - 5,473,243
In-Person,In Person - 5,474,250
In-Person,In Person - 5,475,111
In-Person,In Person - 5,476,169
In-Person,In Person - 5,477,286
In-Person,In Person - 5,478,106
In-Person,In Person - 5,479,276
In-Person,In Person - 5,480,291
In-Person,In Person - 5,481,301
In-Person,In Person - 5,482,105
In-Person,In Person - 5,483,196
In-Person,In Person - 5,484,47
In-Person,In Person - 5,485,334
In-Person,In Person - 5,486,375
In-Person,In Person - 5,487,208
In-Person,In Person - 5,488,251
In-Person,In Person - 5,489,156
In-Person,In Person - 5,490,418
In-Person,In Person - 5,491,288
In-Person,In Person - 5,492,343
In-Person,In Person - 5,493,96
In-Person,In Person - 5,494,229
In-Person,In Person - 5,495,259
In-Person,In Person - 5,496,265
In-Person,In Person - 5,497,181
In-Person,In Person - 5,498,244
In-Person,In Person - 5,499,242
In-Person,In Person - 5,500,374
In-Person,In Person - 5,501,431
In-Person,In Person - 5,502,365
In-Person,In Person - 5,503,128
In-Person,In Person - 5,504,283
In-Person,In Person - 5,505,267
In-Person,In Person - 5,506,392
In-Person,In Person - 5,507,294
In-Person,In Person - 5,508,270
In-Person,In Person - 5,509,351
In-Person,In Person - 5,510,360
In-Person,In Person - 5,511,320
In-Person,In Person - 5,512,224
In-Person,In Person - 5,513,263
In-Person,In Person - 5,514,418
In-Person,In Person - 5,515,381
In-Person,In Person - 5,516,240
In-Person,In Person - 5,517,403
In-Person,In Person - 5,518,100